,open,high,low,close,volume,typical,intra diff,inter diff,derivative,1-direction,1-std_err,12-direction,12-std_err
0,1788.8900146484375,1867.2900390625,1751.6199951171875,1821.2099609375,0,1813.3733317057292,1.8067039350887202,0.0,26.5787353515625,-1.0799562705345664,26.858834099086017,-1.4844808688121176,1.4532570841144292
1,1852.9200439453125,1939.8199462890625,1764.06005859375,1806.6300048828125,0,1836.836669921875,-2.4982210761743056,-0.8005642604316863,4.6112213134765625,-1.5390236585489747,34.725836450491755,1.2215243690729294,0.8312171254859742
2,1796.1800537109375,1966.75,1796.1800537109375,1966.75,0,1909.8933512369792,9.496261019971923,8.862910207647841,85.28497314453125,1.5414912310708027,48.24446627504851,-1.3999727779614903,0.8883494103855665
3,1935.260009765625,1965.9100341796875,1812.9100341796875,1812.9100341796875,0,1863.9100341796875,-6.322146635002033,-7.822039701045506,-26.756240844726562,-1.5515697732392348,24.293040044517067,1.4942876955370508,0.8499661328927341
4,1835.81005859375,1920.8800048828125,1803.25,1836.68994140625,0,1853.6066487630208,0.047928858891534754,1.3116981415640143,15.033706665039062,-1.4840507503272682,26.31363024845854,-1.2392601989464764,0.8787700470957035
5,1850.239990234375,1911.0799560546875,1787.280029296875,1884.6700439453125,0,1861.010009765625,1.860842587591902,2.6123136767617314,28.386260986328125,-1.117139963302411,29.272630945857685,1.3916716594182135,0.7969380809451823
6,1911.3399658203125,1962.219970703125,1902.3599853515625,1922.9200439453125,0,1929.1666666666667,0.6058617688156821,2.029532974372988,11.825027465820312,-1.1919348932625766,14.342010734628088,1.4567610125967534,0.8347909189455971
7,1903.97998046875,1903.97998046875,1532.2900390625,1622.010009765625,0,1686.0933430989583,-14.809502914715807,-15.64859834537381,-59.277496337890625,-1.5625836326636515,60.593057838444,1.5311777866055902,2.9306396542834214
8,1620.1500244140625,1620.1500244140625,1327.97998046875,1327.97998046875,0,1425.3699951171875,-18.033517855914464,-18.127510158791274,-73.04251098632812,-1.5622398746849642,41.319083866660414,1.1344082062620928,5.880610520730745
9,1405.6700439453125,1523.1700439453125,1402.550048828125,1434.5,0,1453.4066975911458,2.0509760579211096,8.021206727352215,25.88873291015625,-1.2857772906349672,30.759769552817843,1.52383014497312,3.9056308455791187
10,1421.22998046875,1496.050048828125,1359.1800537109375,1441.199951171875,0,1432.1433512369792,1.4051188743245133,0.46705829012722205,24.597488403320312,-1.441582794583029,30.467875397828053,-1.5087871726986959,4.089872687310132
11,1466.4000244140625,1527.3599853515625,1389.3499755859375,1389.3499755859375,0,1435.3533121744792,-5.254367672212247,-3.5976947920222324,-11.64251708984375,-1.543714435782401,25.703705124381074,-1.5481788335463689,4.952130019460883
12,1359.4300537109375,1421.1600341796875,1317.1700439453125,1421.1600341796875,0,1386.4967041015625,4.540872132423517,2.2895641237071733,36.147491455078125,1.4482605417065162,27.256301623002283,-1.554177571930011,4.217788613721839
13,1417.52001953125,1606.06005859375,1417.52001953125,1564.449951171875,0,1529.3433430989583,10.365280886065529,10.082602489936775,78.66622924804688,1.5311738253732838,50.812625265934805,1.5358485566334978,2.479313787038019
14,1521.300048828125,1604.6700439453125,1499.260009765625,1515.3199462890625,0,1539.75,-0.39309158924099435,-3.140401189952476,10.9337158203125,-1.4899033346935429,24.38321988986179,0.6163723839258494,1.5695600352233878
15,1541.8399658203125,1633.8499755859375,1541.8399658203125,1606.8699951171875,0,1594.1866455078125,4.217689950868329,6.041631607392628,35.88751220703125,1.4740870006120017,24.49097387798644,1.5295779798184386,1.6191983377801766
16,1631.1600341796875,1707.9599609375,1587.77001953125,1707.9599609375,0,1667.8966471354167,4.708301156755308,6.291110427570097,43.82371520996094,1.4803081138579732,31.678523160436185,1.500752240925775,2.6301287688814883
17,1704.18994140625,1714.219970703125,1623.72998046875,1623.72998046875,0,1653.893310546875,-4.72130241955933,-4.931613292768065,-18.861236572265625,-1.5406731491797387,13.599233667590429,1.5364615954120981,3.312168161211225
18,1628.75,1647.8399658203125,1604.949951171875,1619.2900390625,0,1624.0266520182292,-0.5808111089792786,-0.2734408713059696,1.8137664794921875,-1.431394696773926,8.462815900297079,-1.5528877388775217,5.67698469068777
19,1620.489990234375,1654.1099853515625,1501.8199462890625,1649.8800048828125,0,1601.9366455078125,1.8136498729120047,1.8890973872736714,30.057510375976562,-1.416085037433588,38.854314847626746,1.544966866296955,3.847326784433023
20,1653.52001953125,1657.510009765625,1605.469970703125,1605.469970703125,0,1622.816650390625,-2.905924830698241,-2.691712975989539,-11.513763427734375,-1.5198694502991452,7.6677049322310324,1.5246386410561366,2.8002943118191235
21,1609.3199462890625,1609.3199462890625,1561.8900146484375,1579.77001953125,0,1583.6599934895833,-1.8361747659905538,-1.6007743303114885,-5.1524810791015625,-1.4974418410050394,8.458354079458129,-1.5454163326851533,5.821887601739901
22,1572.5799560546875,1627.0799560546875,1568.0899658203125,1571.06005859375,0,1588.7433268229167,-0.09664993217582665,-0.5513436025380722,6.8037872314453125,-1.4147189566252476,14.842402921120902,1.524675457394624,3.56825940186225
23,1549.81005859375,1577.260009765625,1542.77001953125,1577.260009765625,0,1565.7633463541667,1.7711816373667262,0.394634892406631,14.60498046875,1.3648163705691148,9.32411837488235,1.5431732257889743,3.2246411054058775
24,1598.18994140625,1687.0699462890625,1581.6800537109375,1685.699951171875,0,1651.4833170572917,5.475570049491414,6.875210221196426,45.989990234375,1.5072445581344434,28.644665457680205,0.7907663895580899,3.6936337978802123
25,1685.6600341796875,1746.760009765625,1676.1700439453125,1746.760009765625,0,1723.2300211588542,3.624691476752683,3.622237667581464,31.736236572265625,1.4823047352728724,19.35307045275508,-1.4926283406930407,7.955989804569039
26,1749.2900390625,1763.8599853515625,1698.8399658203125,1718.3499755859375,0,1727.0166422526042,-1.7687211832032301,-1.6264417562146658,-3.4750213623046875,-1.507525677806491,11.631292691061468,1.5325416629477278,4.480776337289024
27,1706.68994140625,1753.0999755859375,1706.68994140625,1728.0899658203125,0,1729.2932942708333,1.2538905805251106,0.5668222639601561,13.826263427734375,1.0587014195890407,12.026957351583222,1.537370054923839,3.6158410314576157
28,1731.2900390625,1812.3299560546875,1719.9200439453125,1806.3599853515625,0,1779.5366617838542,4.3360699013617126,4.529279208799512,39.70246887207031,1.495636924506013,24.925977181500166,-1.5424544666818827,5.385061490875071
29,1798.22998046875,1800.6199951171875,1752.8299560546875,1754.949951171875,0,1769.4666341145833,-2.406812797414993,-2.8460569652002023,-10.256256103515625,-1.5145589317130188,7.07756675937759,1.5478492820626772,4.361414159542441
30,1759.9000244140625,1776.5,1608.489990234375,1608.489990234375,0,1664.4933268229167,-8.603331557433078,-8.345534916235119,-35.77751159667969,-1.5547267436616716,25.07176269269015,-1.5188752765751128,32.88511261722539
31,1605.1099853515625,1624.93994140625,1464.030029296875,1529.969970703125,0,1539.6466471354167,-4.681300056331018,-4.881598269679549,-8.063766479492188,-1.5449174961113237,29.728776880703624,0.0,0.0
32,1516.43994140625,1601.5,1470.0899658203125,1470.0899658203125,0,1513.893310546875,-3.0564992599018117,-3.9138026255047067,-0.954986572265625,-1.533839112259133,28.035392860523935,0.0,0.0
33,1484.780029296875,1536.5999755859375,1402.3399658203125,1489.6800537109375,0,1476.2066650390625,0.33001685888669524,1.3325774847863614,18.620010375976562,-1.4873504935338897,29.369323152800792,0.0,0.0
34,1482.43994140625,1550.27001953125,1470.5699462890625,1545.1199951171875,0,1521.9866536458333,4.228168167910997,3.721600572427867,33.467529296875,1.478755184315679,21.36552403608048,0.0,0.0
35,1546.8199462890625,1547.510009765625,1472.5899658203125,1538.4300537109375,0,1519.510009765625,-0.5423961979707453,-0.4329722887148717,6.2187957763671875,-1.4712164288061322,18.44433637221027,0.0,0.0
36,1538.0400390625,1593.3499755859375,1510.1800537109375,1574.0400390625,0,1559.1900227864583,2.3406412762793556,2.3146964183172036,23.896240234375,1.1879323901996939,20.23380129165786,0.0,0.0
37,1590.3299560546875,1683.300048828125,1584.1400146484375,1680.02001953125,0,1649.1533610026042,5.639714144545629,6.732991400388505,46.028778076171875,1.5120095071505752,27.380930900444937,0.0,0.0
38,1691.3699951171875,1714.47998046875,1653.199951171875,1676.8399658203125,0,1681.5066324869792,-0.8590686448749659,-0.1892866557521607,2.21124267578125,-1.4757277285640469,11.972322372099907,0.0,0.0
39,1670.0400390625,1687.1400146484375,1618.5999755859375,1626.8299560546875,0,1644.1899820963542,-2.5873680868195876,-2.9823961012975997,-7.6362762451171875,-1.5203774415346438,11.569443216754625,0.0,0.0
40,1632.0,1636.02001953125,1606.6400146484375,1627.2099609375,0,1623.2899983723958,-0.29350729549632354,0.023358611107338483,1.8762359619140625,-1.346085764468639,6.448534255402993,0.0,0.0
41,1625.5899658203125,1712.3299560546875,1625.5899658203125,1700.9300537109375,0,1679.6166585286458,4.634630471073716,4.530459777358076,39.09503173828125,1.4991216403248553,23.79604397695929,0.0,0.0
42,1698.3599853515625,1859.489990234375,1694.8299560546875,1823.0699462890625,0,1792.4632975260417,7.3429639189058555,7.180771032392018,67.34873962402344,1.5230929768908044,44.05599618454366,0.0,0.0
43,1818.0999755859373,1937.77001953125,1818.0999755859373,1931.8800048828125,0,1895.9166666666667,6.258183313610474,5.968507067720444,57.6262664794923,1.5257147974050163,33.44428186004191,0.0,0.0
44,1923.6700439453125,1928.6300048828125,1852.81005859375,1910.22998046875,0,1897.2233479817708,-0.6986678156612488,-1.1206712818261084,4.437469482421875,-1.484905287941095,17.257563815045522,0.0,0.0
45,1920.4599609375,2083.6201171875,1920.4599609375,2064.97998046875,0,2023.02001953125,7.525281571644976,8.10111879628368,74.59002685546875,1.5338309111572719,44.927379882724736,0.0,0.0
46,2068.510009765625,2086.39990234375,2007.5,2052.919921875,0,2048.93994140625,-0.7536868478771082,-0.5840278698979139,4.016204833984375,-1.4913902614405388,16.2294448829814,0.0,0.0
47,2089.77001953125,2284.179931640625,2089.77001953125,2255.2900390625,0,2209.7466634114585,7.92048971821202,9.85767223704803,86.37124633789062,1.5377122745943044,53.141289331618204,0.0,0.0
48,2252.429931640625,2280.409912109375,2056.110107421875,2192.60009765625,0,2176.3733723958335,-2.6562350794546647,-2.7796842233342876,5.601287841796875,-1.546035997156888,46.62222759123853,0.0,0.0
49,2207.06005859375,2208.39990234375,2053.64990234375,2103.239990234375,0,2121.7632649739585,-4.703998332765125,-4.075531489640782,-19.588775634765625,-1.5493500634926738,26.603586780790963,0.0,0.0
50,2101.989990234375,2187.179931640625,1999.1099853515625,2142.8798828125,0,2109.7232666015625,1.9452943528796593,1.8847061087740025,38.84245300292969,-1.4190669405644591,43.77806192900931,0.0,0.0
51,2134.25,2267.60009765625,2130.580078125,2252.510009765625,0,2216.896728515625,5.541057034819024,5.116018300066217,61.475006103515625,1.5249064527850966,37.472112011941334,0.0,0.0
52,2261.22998046875,2281.719970703125,2108.909912109375,2137.340087890625,0,2175.989990234375,-5.478871837372455,-5.11295938200885,-24.857452392578125,-1.5524322350304012,27.926445155317936,0.0,0.0
53,2143.6201171875,2170.25,1953.1500244140625,2020.8499755859373,0,2048.0833333333335,-5.727234066203913,-5.450237562317641,-18.901306152343835,-1.5537159546137722,37.93266971704801,0.0,0.0
54,2024.739990234375,2168.780029296875,2019.6500244140625,2152.18994140625,0,2113.539998372396,6.294632979374401,6.499243754214423,66.43498229980469,1.5279445781068683,40.68797428863094,0.0,0.0
55,2150.580078125,2227.699951171875,2094.1201171875,2207.090087890625,0,2176.3033854166665,2.627663593670676,2.550896899392765,37.88873291015625,1.2994922505620061,32.82554367233303,0.0,0.0
56,2209.570068359375,2215.75,1984.6500244140625,2002.300048828125,0,2067.566691080729,-9.380558801882657,-9.278734936380568,-48.83876037597656,-1.5590722979771956,34.41532259472641,0.0,0.0
57,1995.800048828125,2147.030029296875,1930.550048828125,2061.580078125,0,2046.38671875,3.295922822303722,2.960596706351253,51.727508544921875,-1.0893355389699833,50.67444112317913,0.0,0.0
58,2052.219970703125,2115.89990234375,2025.3599853515625,2057.280029296875,0,2066.179972330729,0.2465651180665754,-0.20858024743990927,13.215011596679688,-1.438870215878481,20.19841198658433,0.0,0.0
59,2054.159912109375,2116.320068359375,1998.199951171875,2097.510009765625,0,2070.6766764322915,2.1103565209650434,1.9554936564712373,31.02130126953125,0.8731865494824537,28.72926884194329,0.0,0.0
60,2091.469970703125,2095.5,2007.0999755859373,2024.8199462890625,0,2042.4733072916667,-3.1867550262581887,-3.465540719144643,-13.943756103515597,-1.5361301555369387,14.20549090460867,0.0,0.0
61,2028.699951171875,2149.860107421875,2026.719970703125,2097.85009765625,0,2091.4767252604165,3.4085940823545906,3.6067479234897735,41.323822021484375,1.4527384198341453,32.004620940521896,0.0,0.0
62,2100.199951171875,2131.77001953125,1891.7099609375,1914.68994140625,0,1979.3899739583333,-8.832968959079999,-8.730850524288142,-39.558746337890625,-1.5582434782222137,37.83127902126884,0.0,0.0
63,1916.1700439453125,2031.8399658203125,1908.8299560546875,2017.949951171875,0,1986.2066243489583,5.311632313017586,5.393040801675982,53.54371643066406,1.5160055243611839,33.30739437661454,0.0,0.0
64,2022.81005859375,2116.679931640625,2018.9000244140625,2099.949951171875,0,2078.509969075521,3.813501532207743,4.063529918191504,41.14994812011719,1.4961074949864193,26.27516885720145,0.0,0.0
65,2116.639892578125,2174.139892578125,2079.860107421875,2089.0400390625,0,2114.3466796875,-1.3039465812017568,-0.5195320061455148,1.435028076171875,-1.5143843832227528,19.5986413289994,0.0,0.0
66,2081.010009765625,2246.52001953125,2081.010009765625,2222.510009765625,0,2183.3466796875,6.799582862935702,6.3890575674663665,73.75125122070312,1.5322039667950171,45.27497769901705,0.0,0.0
67,2225.669921875,2278.1201171875,2203.050048828125,2234.22998046875,0,2238.4667154947915,0.3846059341332446,0.5273303900377452,12.593780517578125,-1.3710263456543819,16.8687072356736,0.0,0.0
68,2237.280029296875,2320.580078125,2164.679931640625,2201.27001953125,0,2228.8433430989585,-1.6095441470928478,-1.4752268667787223,5.9837646484375,-1.5329256328443925,31.405869621592416,0.0,0.0
69,2206.35009765625,2219.0400390625,2094.35009765625,2165.760009765625,0,2159.7167154947915,-1.8396938878259994,-1.6131601053280455,0.364959716796875,-1.5302440689686936,25.34254420321242,0.0,0.0
70,2162.449951171875,2255.81005859375,2151.739990234375,2254.949951171875,0,2220.8333333333335,4.277555647004565,4.11818211639719,47.696258544921875,1.5131999266721723,28.659679705622526,0.0,0.0
71,2256.2099609375,2293.659912109375,2227.22998046875,2260.68994140625,0,2260.526611328125,0.19856221478999586,0.25455067113094837,9.983734130859375,-1.384275009206586,14.422503505476746,0.0,0.0
72,2259.919921875,2471.7900390625,2259.919921875,2463.0,0,2398.2366536458335,8.98616256971218,8.949040506983637,102.6387939453125,1.545636181708907,59.320652423207754,0.0,0.0
73,2458.4599609375,2494.659912109375,2358.489990234375,2485.179931640625,0,2446.1099446614585,1.08685807894694,0.9005250361601704,27.041229248046875,-1.3941183978942326,33.93870320499412,0.0,0.0
74,2489.949951171875,2527.280029296875,2387.739990234375,2489.35009765625,0,2468.1233723958335,-0.0240909868627152,0.16780137174502327,17.217559814453125,-1.5001624491606682,31.25704334004893,0.0,0.0
75,2495.7900390625,2559.60009765625,2477.239990234375,2492.6298828125,0,2509.8233235677085,-0.12661947521783753,0.13175266746682007,9.109954833984375,-1.4623392607718384,18.870560375091344,0.0,0.0
76,2501.22998046875,2572.679931640625,2451.929931640625,2523.81005859375,0,2516.1399739583335,0.9027589746372829,1.2508947275424855,23.561279296875,-1.3843429895407968,27.211680790214658,0.0,0.0
77,2517.360107421875,2582.7900390625,2516.31005859375,2570.43994140625,0,2556.5133463541665,2.108551487245744,1.8475987388084925,28.214935302734375,1.4634054350296246,17.94501218736306,0.0,0.0
78,2567.010009765625,2589.909912109375,2442.8798828125,2491.5,0,2508.0965983072915,-2.941554940509144,-3.071067334997258,-9.9375,-1.5440332612126453,26.16834354520022,0.0,0.0
79,2499.010009765625,2574.60009765625,2486.7900390625,2534.489990234375,0,2531.9600423177085,1.4197614387337953,1.7254661944360827,24.28125,1.078165638710488,21.591269085020482,0.0,0.0
80,2534.969970703125,2672.47998046875,2509.360107421875,2655.489990234375,0,2612.443359375,4.7542977204507615,4.774136037870507,65.58499145507812,1.5204459000790829,43.146534317558924,0.0,0.0
81,2646.97998046875,2745.820068359375,2644.489990234375,2671.39990234375,0,2687.2366536458335,0.9225578604744683,0.5991328217347481,21.82373046875,-1.2285660090074768,25.857588989284853,0.0,0.0
82,2679.469970703125,2854.590087890625,2661.510009765625,2848.840087890625,0,2788.3133951822915,6.321030615732381,6.642217265606622,87.6488037109375,1.5390640008910292,52.96993837059876,0.0,0.0
83,2849.429931640625,2916.159912109375,2759.679931640625,2880.070068359375,0,2851.969970703125,1.075307603760175,1.0962349414239572,31.050048828125,-1.4171218787730862,36.36462198218058,0.0,0.0
84,2836.820068359375,3050.8798828125,2815.5,3037.699951171875,0,2968.026611328125,7.081164048894907,5.473126662584757,104.75244140625,1.543574369213003,64.14887914835182,0.0,0.0
85,3042.89990234375,3286.3701171875,3030.239990234375,3261.0400390625,0,3192.550048828125,7.168823941619988,7.352276112868406,113.81881713867188,1.5456942844948283,69.78700192898677,0.0,0.0
86,3262.77001953125,3475.179931640625,3219.60009765625,3407.830078125,0,3367.5367024739585,4.445917356277236,4.501325874695484,86.34500122070312,1.515174576994209,64.58721948203844,0.0,0.0
87,3329.14990234375,3452.530029296875,3178.800048828125,3438.090087890625,0,3356.473388671875,3.272312414354793,0.8879553578643852,75.06881713867188,1.3846202774588674,69.19174712759198,0.0,0.0
88,3453.340087890625,3696.570068359375,3448.81005859375,3562.72998046875,0,3569.3700358072915,3.167654786208523,3.6252654640180024,71.9912109375,1.447068428716379,63.66519661235304,0.0,0.0
89,3551.010009765625,3836.909912109375,3544.489990234375,3766.889892578125,0,3716.0965983072915,6.079393812431089,5.730434616953867,117.5074462890625,1.5426521703723137,77.94599223135404,0.0,0.0
90,3782.7099609375,4477.7001953125,3782.590087890625,4405.52001953125,0,4221.936767578125,16.46465272318668,16.953777391035857,320.4425354003906,1.5622737095212262,191.83310140056656,0.0,0.0
91,4422.169921875,4460.14990234375,3849.889892578125,3919.7900390625,0,4076.6099446614585,-11.360483465987913,-11.025485715995725,-112.10995483398438,-1.5660735879328178,94.06756705081816,0.0,0.0
92,3942.510009765625,4196.75,3783.050048828125,4154.89013671875,0,4044.896728515625,5.386926765615254,5.997772720308232,131.35504150390625,1.5260715138846097,104.44503263600514,0.0,0.0
93,4154.6298828125,4363.740234375,3366.030029296875,3753.659912109375,0,3827.81005859375,-9.651159838856358,-9.656819107285456,-25.64996337890625,-1.566252184400198,185.45407682557516,0.0,0.0
94,3802.72998046875,3986.3701171875,3645.830078125,3972.080078125,0,3868.0934244791665,4.45338213667684,5.8188586907140305,106.07379150390625,1.5111692552284954,87.18078682170895,0.0,0.0
95,4000.0400390625,4320.0400390625,4000.0400390625,4224.2998046875,0,4181.4599609375,5.606438021494413,6.349814746976577,124.097412109375,1.5424575807380854,85.09706677874037,0.0,0.0
96,4270.68994140625,4458.33984375,4069.64990234375,4442.52978515625,0,4323.506510416667,4.0237021677442755,5.166062792858376,113.02618408203125,1.4921131529114282,99.03416097404265,0.0,0.0
97,4481.02001953125,4736.08984375,4474.27001953125,4693.85986328125,0,4634.739908854167,4.749807919230513,5.657363940806091,112.54241943359375,1.544256215989953,70.81298151495602,0.0,0.0
98,4696.47998046875,5136.7900390625,4612.14013671875,5097.25,0,4948.726725260417,8.533412709048738,8.593996166659299,215.8699951171875,1.5560407385560202,139.81332395332115,0.0,0.0
99,5084.1201171875,5436.77001953125,4992.1201171875,5241.22998046875,0,5223.373372395833,3.090207541519733,2.824659972902055,114.4974365234375,1.2121861186538843,106.69726661601545,0.0,0.0
100,5264.25,5671.52001953125,5160.1298828125,5556.990234375,0,5462.880045572917,5.560910564182932,6.024544908025767,173.70135498046875,1.5435425347293659,129.19257542594477,0.0,0.0
101,5542.5498046875,5957.56005859375,5495.10986328125,5841.830078125,0,5764.833333333333,5.399685776109576,5.125793491376114,170.036376953125,1.5478324833623098,119.75060131314247,0.0,0.0
102,5866.81005859375,6224.52001953125,5806.9599609375,5861.18994140625,0,5964.223307291667,-0.09579511065417241,0.33140065736838004,50.08746337890625,-1.5477812150444596,100.39071875592911,0.0,0.0
103,5805.06982421875,5816.89013671875,4745.06005859375,4811.27978515625,0,5124.409993489583,-17.119346866706206,-17.91291814027272,-238.6925048828125,-1.568329145499087,157.3332170761044,0.0,0.0
104,4723.14013671875,5151.68017578125,4347.64990234375,4430.91015625,0,4643.413411458333,-6.187196907347479,-7.90578901854275,-9.08245849609375,-1.5648465667381133,159.52900411039334,0.0,0.0
105,4370.66015625,4729.35009765625,3822.590087890625,4690.990234375,0,4414.310139973958,7.329100563147908,5.869676182852528,233.46878051757812,1.3884457199489744,229.61198020965705,0.0,0.0
106,4717.52001953125,5174.419921875,4613.08984375,5026.14013671875,0,4937.88330078125,6.54199909930993,7.14454487429568,185.8988037109375,1.5433706412611052,141.06930839778244,0.0,0.0
107,4997.009765625,5089.22998046875,4435.93994140625,5006.56982421875,0,4843.913248697917,0.1913155875642816,-0.3893706098050864,85.24627685546875,-1.554787700739614,158.47766828969333,0.0,0.0
108,4978.3798828125,5509.2998046875,4752.81982421875,5180.2900390625,0,5147.469889322917,4.055740240857881,3.469845042475926,170.27630615234375,-1.5045581637272907,175.51467908140637,0.0,0.0
109,5205.89990234375,5292.740234375,4743.4599609375,4903.9599609375,0,4980.053385416667,-5.799956723530422,-5.334258816423505,-44.56744384765625,-1.5639240555411384,95.87955749968157,0.0,0.0
110,4929.02978515625,5162.740234375,4601.06982421875,4865.27001953125,0,4876.360026041667,-1.2935561034143521,-0.7889530443648558,46.29888916015625,-1.5575160080562642,114.74110935803068,0.0,0.0
111,4843.68994140625,5403.259765625,4768.77001953125,5360.43994140625,0,5177.489908854167,10.668519377810833,10.177645226003463,273.09246826171875,1.5598768721604679,171.2105902491779,0.0,0.0
112,5370.39013671875,5452.8701171875,5000.330078125,5068.58984375,0,5173.930013020833,-5.619708909139825,-5.444517630015391,-56.60760498046875,-1.563432369271077,74.69158499336869,0.0,0.0
113,5095.72998046875,5506.25,4969.56982421875,5378.52001953125,0,5284.779947916667,5.549549135185662,6.1147219509864295,173.13128662109375,1.5387241624703074,133.8435630664059,0.0,0.0
114,5428.33984375,5686.5498046875,5035.2001953125,5101.8701171875,0,5274.5400390625,-6.014172582403546,-5.143606444507771,-41.0074462890625,-1.5646642889195672,119.00528695531375,0.0,0.0
115,5088.64990234375,5455.83984375,4948.080078125,5270.77001953125,0,5224.896647135417,3.5789476714367483,3.3105488470737314,131.7650146484375,1.3173057396088164,120.79504152664377,0.0,0.0
116,5286.580078125,5530.759765625,5069.8701171875,5149.830078125,0,5250.1533203125,-2.5867384581167894,-2.2945402845902514,6.3299560546875,-1.5593176151883894,91.84646458220163,0.0,0.0
117,5166.56982421875,5557.91015625,5078.58984375,5525.39990234375,0,5387.299967447917,6.945228465566313,7.292858570500468,194.476318359375,1.55405223927804,127.35467024525074,0.0,0.0
118,5518.740234375,6032.669921875,5474.1201171875,5896.0400390625,759673500,5800.943359375,6.836701650448844,6.707933240479713,211.30615234375,1.5533567297018522,145.8925885646367,0.0,0.0
119,5891.27001953125,6992.919921875,5836.72998046875,6958.14013671875,765373300,6595.930013020833,18.109339983577726,18.013787060800375,544.6000366210938,1.5659050039534377,320.71925262038235,0.0,0.0
120,6961.72021484375,7306.47998046875,6388.91015625,6835.60009765625,924329500,6843.663411458333,-1.81162289341343,-1.7611033502450586,67.40118408203125,-1.5630800148249129,186.42586255581233,0.0,0.0
121,6841.1201171875,7813.2001953125,6841.1201171875,7644.5498046875,969554700,7432.956705729167,11.744124847062377,11.834362681758078,422.796142578125,1.5638433464132782,264.36867343722287,0.0,0.0
122,7645.2998046875,8136.16015625,7411.759765625,7599.39013671875,1400909000,7715.77001953125,-0.600495325776522,-0.590743328548385,73.33392333984375,-1.559197660017993,157.87829565629198,0.0,0.0
123,7599.77978515625,7641.52978515625,6890.9599609375,7414.68017578125,625398600,7315.723307291667,-2.435591748810053,-2.4305892659072468,24.40887451171875,-1.5631387384768891,164.80826385521448,0.0,0.0
124,7407.52978515625,7571.72021484375,6794.080078125,7109.669921875,684245000,7158.490071614583,-4.021041722682281,-4.1135995980313815,-14.492431640625,-1.5648127445665465,145.87803711216293,0.0,0.0
125,7117.56982421875,7486.39990234375,6851.83984375,6898.2099609375,882674900,7078.816569010417,-3.0819488771973895,-2.9742584854309615,-2.93994140625,-1.563060373060208,129.55379282636167,0.0,0.0
126,6912.97021484375,7503.31982421875,6842.60986328125,7190.3701171875,795508300,7178.7666015625,4.012745516364415,4.235303910788677,186.61370849609375,1.5125497622357338,164.31255014365104,0.0,0.0
127,7194.02978515625,7395.81005859375,6954.60009765625,7216.4501953125,781576700,7188.953450520833,0.3116530070880579,0.36270842390518243,63.55889892578125,-1.5440610647360173,95.65284392294919,0.0,0.0
128,7221.41015625,7456.7099609375,6468.4599609375,6798.1201171875,932204800,6907.763346354167,-5.8615980799283385,-5.7968955206914545,-35.2025146484375,-1.5663678933587277,180.32662189459762,0.0,0.0
129,6800.06982421875,7087.919921875,6297.490234375,7077.43994140625,949245100,6820.950032552083,4.078930428032283,4.108780359919698,202.8175048828125,1.3353275557923971,202.80785953554658,0.0,0.0
130,7093.83984375,7185.66015625,6361.43017578125,6372.330078125,883094600,6639.806803385417,-10.17093395843555,-9.962781303957605,-167.53741455078125,-1.5674504692814122,124.48639628386161,0.0,0.0
131,6379.259765625,6813.2998046875,6110.259765625,6433.60986328125,821071200,6452.389811197917,0.8519812588463408,0.9616542835188634,108.26129150390625,-1.5522795731978887,153.97832130138738,0.0,0.0
132,6431.14013671875,6795.14013671875,6172.43994140625,6795.14013671875,1099255700,6587.573404947917,5.659960633134601,5.619400012128081,214.3375244140625,1.5494912104753484,163.04756945468642,0.0,0.0
133,6788.56982421875,6788.56982421875,6071.35009765625,6208.240234375,932251000,6356.053385416667,-8.54862813332757,-8.637053696248763,-127.97113037109375,-1.5667283460462043,113.19830448317056,0.0,0.0
134,6212.66015625,6342.5400390625,5351.47998046875,5829.9501953125,1512256200,5841.323404947917,-6.16016249581091,-6.093353748907938,-19.63372802734375,-1.5661216941380671,191.28659168798148,0.0,0.0
135,5843.3701171875,6271.2001953125,5383.990234375,6264.509765625,1040529500,5973.2333984375,7.207136292783739,7.453915655435655,268.82861328125,1.5442216136616889,229.43524890103964,0.0,0.0
136,6272.02978515625,6337.47021484375,5960.4599609375,6123.259765625,1153240200,6140.396647135417,-2.3719597104487256,-2.2547654211519568,-8.6624755859375,-1.5586509829409636,71.14177412549856,0.0,0.0
137,6122.9599609375,6278.0400390625,5758.68994140625,6058.3798828125,1596032700,6031.703287760417,-1.054719915482054,-1.0595644361966363,40.70123291015625,-1.556773777192707,108.0512227005448,0.0,0.0
138,6053.81005859375,6131.97021484375,5551.14013671875,5861.18994140625,1234220300,5848.10009765625,-3.1817998140536976,-3.254829595048568,0.3712158203125,-1.5621661081673446,115.56300068389389,0.0,0.0
139,5859.68017578125,5930.4501953125,5124.68994140625,5188.169921875,1495111400,5414.436686197917,-11.459844799750012,-11.482651582005806,-151.0963134765625,-1.567250608272412,123.44999775811212,0.0,0.0
140,5195.669921875,5220.10009765625,3539.179931640625,4308.14990234375,1884256600,4355.809977213542,-17.081916920753194,-16.962050834549604,-122.70498657226562,-1.5684940296013326,316.5258359550315,0.0,0.0
141,4315.06005859375,4874.31005859375,4157.60009765625,4559.1298828125,1598607400,4530.3466796875,5.65623237926127,5.82570212638632,181.11492919921875,0.9978158329256966,171.12233296680355,0.0,0.0
142,4556.7099609375,5217.47021484375,4481.5498046875,4989.91015625,1613853100,4896.31005859375,9.506863483217465,9.448738783720595,254.44012451171875,1.553057631100915,188.29240430294124,0.0,0.0
143,4986.580078125,5341.85986328125,4872.25,5160.10009765625,1167193500,5124.736653645833,3.4797399583021464,3.4106814767613085,123.771240234375,1.3769897668612274,112.39582065341561,0.0,0.0
144,5155.259765625,5352.16015625,4974.580078125,5107.60986328125,1679080600,5144.783365885417,-0.924296825185746,-1.0172328710995624,29.32879638671875,-1.5515874931720923,77.38922082184352,0.0,0.0
145,5109.47998046875,5165.97021484375,4706.009765625,5039.080078125,1482305700,4970.353352864583,-1.3778291061489085,-1.341719257943183,31.0950927734375,-1.5558978558197085,102.4017664324173,0.0,0.0
146,5025.9599609375,5467.31005859375,5003.06005859375,5397.2900390625,1511112500,5289.220052083333,7.3882418684397,7.10863799312328,197.280029296875,1.5554067757134378,124.96159508537663,0.0,0.0
147,5379.64013671875,5379.64013671875,4929.35009765625,5041.2001953125,1370545600,5116.730143229167,-6.291126038268382,-6.597567319392236,-70.62872314453125,-1.5639733344879827,73.74168029550913,0.0,0.0
148,5043.009765625,5126.330078125,4741.9501953125,4818.2998046875,1545588000,4895.526692708333,-4.455870033589967,-4.421573871084534,-36.21875,-1.5613493638671332,65.65914399920366,0.0,0.0
149,4818.06982421875,4850.3798828125,3946.699951171875,4382.56005859375,1878390300,4393.213297526042,-9.039092032993064,-9.043433654125032,-50.356170654296875,-1.5662718991361613,173.09390693750237,0.0,0.0
150,4377.10009765625,4483.02978515625,3265.9599609375,3700.139892578125,2440213900,3816.3765462239585,-15.465952113834641,-15.571267863801868,-101.72634887695312,-1.5677174718097089,216.620634053879,0.0,0.0
151,3699.31005859375,3930.9599609375,3235.3798828125,3712.93994140625,1719550100,3626.4265950520835,0.36844391512511504,0.34593418626684364,92.0587158203125,-1.5555231198485557,153.52383616085044,0.0,0.0
152,3698.68994140625,3698.68994140625,2719.489990234375,2769.030029296875,1919261500,3062.4033203125,-25.134843061646748,-25.422170221042567,-226.22247314453125,-1.5681425317654996,142.19869699906013,0.0,0.0
153,2772.9599609375,3299.010009765625,2519.300048828125,3152.85009765625,2284190300,2990.38671875,13.699806058155788,13.86117392366584,239.92254638671875,1.5430226404618028,193.01361501992182,0.0,0.0
154,3152.18994140625,3443.489990234375,2987.85009765625,3320.320068359375,1810648600,3250.5533854166665,5.333756216420102,5.311701017045435,120.0037841796875,1.3684766700064757,108.73942972094115,0.0,0.0
155,3332.72998046875,3476.830078125,2836.010009765625,2892.6298828125,1544688400,3068.489990234375,-13.205393183229013,-12.880992697737234,-84.93502807617188,-1.5656972448985207,105.72737196592767,0.0,0.0
156,2898.679931640625,3157.25,2563.919921875,2747.830078125,2197380500,2823.0,-5.204087966698877,-5.005818599464628,17.597564697265625,-1.5612352884909768,115.8008828318577,0.0,0.0
157,2750.39990234375,2802.929931640625,2433.14990234375,2547.050048828125,2065340300,2594.3766276041665,-7.393464977305324,-7.306857541710825,-30.03369140625,-1.5605908248106708,64.79389482045762,0.0,0.0
158,2553.739990234375,2731.570068359375,2188.75,2423.8701171875,2549605700,2448.0633951822915,-5.085477517033984,-4.836180258699628,19.15130615234375,-1.5600720686922132,106.35280264610908,0.0,0.0
159,2426.239990234375,3004.7900390625,2395.719970703125,2942.0400390625,2123287900,2780.8500162760415,21.259234490578926,21.37779240730318,269.55877685546875,1.5601394996608529,165.75419916422797,0.0,0.0
160,2938.719970703125,3068.080078125,2769.449951171875,2982.679931640625,2028762900,2940.0699869791665,1.495888052476876,1.3813507647256618,53.813751220703125,-1.5108981366639507,67.76759708740592,0.0,0.0
161,2990.929931640625,3324.43994140625,2990.929931640625,3220.580078125,2269412700,3178.6499837239585,7.678218872830773,7.976053479982944,127.80755615234375,1.5426696366655797,88.5233760339377,0.0,0.0
162,3217.2099609375,3487.860107421875,3119.35009765625,3487.860107421875,2293604200,3365.0234375,8.412573309499113,8.299126952697405,147.55755615234375,1.5482492050226575,98.5331071371556,0.0,0.0
163,3481.81005859375,3588.530029296875,3299.77001953125,3484.580078125,1759816000,3457.626708984375,0.07955688232943897,-0.09404130887862651,37.133758544921875,-1.5351544408916549,62.679274744607326,0.0,0.0
164,3493.340087890625,3676.8798828125,3202.8701171875,3256.780029296875,2263040400,3378.8433430989585,-6.771744308942777,-6.537374481883074,-29.45880126953125,-1.5623483694744924,86.29475208554226,0.0,0.0
165,3255.760009765625,3675.780029296875,3217.39990234375,3655.989990234375,2156839400,3516.3899739583335,12.292981646935386,12.257811622103558,207.38375854492188,1.5573256775636897,125.57197452211851,0.0,0.0
166,3657.610107421875,3814.2099609375,3576.52001953125,3745.949951171875,1931247100,3712.2266438802085,2.415234023187555,2.4606183599461366,62.83868408203125,1.2200241819618496,56.70451968041216,0.0,0.0
167,3752.719970703125,3996.280029296875,3752.719970703125,3965.159912109375,1693401600,3904.719970703125,5.6609590660836435,5.851919107165935,110.1099853515625,1.545405589052675,66.86994331957305,0.0,0.0
168,3969.0400390625,4175.47998046875,3969.0400390625,4058.60009765625,2309968400,4067.7067057291665,2.2564664934673817,2.3565300673376104,59.3900146484375,1.4114900254239624,53.423553948028506,0.0,0.0
169,4062.7900390625,4150.56005859375,3960.409912109375,4018.159912109375,1857648900,4043.0432942708335,-1.0985093131572097,-0.9964072481599824,7.032470703125,-1.5399457805377677,37.48286334452591,0.0,0.0
170,4026.18994140625,4163.18994140625,3692.39990234375,3856.699951171875,2686677500,3904.0965983072915,-4.209686892595442,-4.01825622845209,-4.709991455078125,-1.5605848892607643,87.99083683273804,0.0,0.0
171,3858.340087890625,4156.89013671875,3857.0400390625,3985.2099609375,2051653800,3999.71337890625,3.2881982965953482,3.3321236132610386,85.05746459960938,1.4475990044478426,77.41722339074032,0.0,0.0
172,3972.8798828125,4029.320068359375,3710.02001953125,3921.409912109375,1866072400,3886.9166666666665,-1.295533019404758,-1.6009206404050131,20.61126708984375,-1.5496894981733111,68.61715245156195,0.0,0.0
173,3924.300048828125,4090.75,3856.0400390625,4052.72998046875,1788969800,3999.8400065104165,3.272683791826182,3.3487972770675305,77.49996948242188,1.5044837431346474,59.064715765383035,0.0,0.0
174,4078.360107421875,4101.52001953125,3749.0400390625,3895.610107421875,1835950300,3915.3900553385415,-4.4809677219877715,-3.876889746025026,-24.47125244140625,-1.5596946765874768,64.85494687861197,0.0,0.0
175,3891.179931640625,3891.780029296875,3618.580078125,3785.2099609375,1832757100,3765.1900227864585,-2.7233377167024306,-2.8339629336632486,-5.5887451171875,-1.5538806114631487,56.88132634872956,0.0,0.0
176,3794.169921875,4000.1298828125,3792.25,3892.89990234375,1896542300,3895.09326171875,2.602149679684343,2.8450189690290775,63.00872802734375,1.4580392562005942,53.72471139853842,0.0,0.0
177,3895.14990234375,4078.5,3838.97998046875,3960.25,2059725000,3959.2433268229165,1.6713117412266634,1.7300752484208846,54.3525390625,-1.3483938319186073,56.27579057613517,0.0,0.0
178,3961.179931640625,4219.0498046875,3959.25,4126.0,2057697800,4101.433268229167,4.160883151074395,4.1853418344801465,94.28250122070312,1.5282073208354727,68.30316930075158,0.0,0.0
179,4108.5498046875,4272.18017578125,4107.6201171875,4256.080078125,1655550500,4211.960123697917,3.5908113677770372,3.152692150387785,75.89385986328125,1.534844581239058,45.40382951408699,0.0,0.0
180,4260.919921875,4325.77001953125,4160.830078125,4254.85009765625,2218116400,4247.150065104167,-0.1424533746242994,-0.028899373277108623,18.34130859375,-1.5162502584667765,34.86624328852823,0.0,0.0
181,4256.64990234375,4409.08984375,4249.68994140625,4350.490234375,2014881100,4336.42333984375,2.2045583776946436,2.247790980261152,55.1151123046875,1.489092681945223,41.26518343254816,0.0,0.0
182,4345.240234375,4435.31005859375,4275.5498046875,4348.77001953125,2125994500,4353.2099609375,0.08123337182432466,-0.03954071268009936,21.293701171875,-1.5038592739827727,34.243654219007276,0.0,0.0
183,4348.02978515625,4422.8798828125,4157.509765625,4184.83984375,2175014700,4255.076497395833,-3.7531928130613212,-3.7695756511612424,-28.02496337890625,-1.5575510146178533,45.380557889563654,0.0,0.0
184,4208.6298828125,4482.02001953125,4205.0498046875,4460.6298828125,1973574200,4382.566569010417,5.987696875630129,6.590217292888487,129.12127685546875,1.5499238297939244,76.6251086450992,0.0,0.0
185,4467.31982421875,4637.33984375,4467.0400390625,4586.27978515625,2373972700,4563.55322265625,2.662893314523409,2.816864560493992,65.8974609375,1.5172512679541055,45.25571859595906,0.0,0.0
186,4584.43994140625,4913.02001953125,4444.93994140625,4886.5,2285435900,4748.1533203125,6.588810464405273,6.546051024087747,171.78253173828125,1.5479744560232365,121.96891140202158,0.0,0.0
187,4882.39013671875,4990.56982421875,4726.330078125,4829.68994140625,2166909700,4848.86328125,-1.079393367526291,-1.16259201051366,13.26739501953125,-1.5471231629750148,52.33279743544592,0.0,0.0
188,4846.66015625,5061.83984375,4816.669921875,5044.1201171875,2373396100,4974.2099609375,4.074144969353091,4.439833164917722,104.6937255859375,1.5420032692655183,65.9994445996324,0.0,0.0
189,5060.990234375,5138.02001953125,4762.75,4929.06982421875,2240128600,4943.279947916667,-2.606612620198848,-2.280879326737757,-2.5614013671875,-1.557827411006951,71.68264045953285,0.0,0.0
190,4922.91015625,5241.0,4891.6201171875,5193.39990234375,2272224400,5108.67333984375,5.4945090913419,5.3626766824488215,145.10614013671875,1.5491588680778192,93.27683448151821,0.0,0.0
191,5210.5400390625,5469.9599609375,5208.490234375,5408.259765625,1744886900,5362.236653645833,3.7946110207431487,4.137171550842543,106.82861328125,1.5406567738277608,70.08452161498988,0.0,0.0
192,5410.240234375,5697.009765625,5290.490234375,5674.14990234375,2527434800,5553.88330078125,4.87796579331079,4.916371406727774,149.78106689453125,1.544842254454338,106.00982446202192,0.0,0.0
193,5662.0498046875,5916.7998046875,5598.0498046875,5796.0400390625,2132347700,5770.296549479167,2.366461599544252,2.148165607475445,90.090087890625,1.4512073023127428,77.61224528446138,0.0,0.0
194,5806.9599609375,5993.89990234375,5664.18994140625,5970.080078125,2783293200,5876.056640625,2.8090449785220355,3.002740455372194,102.3837890625,1.508241185290297,83.6189514202495,0.0,0.0
195,5989.080078125,6121.9501953125,5860.5,6009.89013671875,2110338300,5997.44677734375,0.3474666947559833,0.6668262079032781,40.48504638671875,-1.520592346581896,56.99334253790272,0.0,0.0
196,6014.3798828125,6162.3701171875,5513.43017578125,5692.85986328125,3336654500,5789.553385416667,-5.345854864440286,-5.275142577075305,-39.4525146484375,-1.5645986992991523,115.0335092740637,0.0,0.0
197,5677.52978515625,5778.77978515625,5243.7099609375,5683.31005859375,2855007100,5568.599934895833,0.10180965413184392,-0.16775056679501127,69.05133056640625,-1.5514836040716555,125.85094169173257,0.0,0.0
198,5688.0,5729.58984375,5365.06005859375,5681.97021484375,2087468000,5592.206705729167,-0.10600888108737694,-0.023575059889157698,43.3050537109375,-1.544666625052776,88.36832552882842,0.0,0.0
199,5678.009765625,5886.77978515625,5557.58984375,5859.56982421875,2540401900,5767.979817708333,3.1976003227913607,3.1256694889218783,109.2337646484375,1.5244237802265046,83.97336384160818,0.0,0.0
200,5861.25,6031.5498046875,5737.2001953125,6004.330078125,2478188900,5924.360026041667,2.4411188419705696,2.4704928561125343,90.44873046875,1.4967975547842276,74.1559455603625,0.0,0.0
201,6019.33984375,6304.77978515625,5944.56982421875,6268.919921875,2425853900,6172.756510416667,4.146303159542387,4.406650538982772,138.6187744140625,1.5450639877508097,94.26103493688,0.0,0.0
202,6262.7099609375,6497.06005859375,6201.0,6309.18994140625,2657740500,6335.75,0.7421704143838741,0.6423757207478487,54.4375,-1.5070341202440447,69.03519148979007,0.0,0.0
203,6322.18017578125,6629.330078125,6195.81005859375,6596.919921875,1924391800,6474.02001953125,4.345648786572262,4.560490065141677,157.2174072265625,1.5452067768938775,112.37686251950083,0.0,0.0
204,6614.72998046875,6805.08984375,6531.25,6789.10986328125,3015168200,6708.483235677083,2.6362358452633714,2.9133283969229247,99.6224365234375,1.5307054737353232,71.22488655414028,0.0,0.0
205,6821.31005859375,7040.2001953125,6640.990234375,6715.43994140625,2860636700,6798.876790364583,-1.5520496250441032,-1.0851190120437164,10.199951171875,-1.5568467341562682,80.50635299400611,0.0,0.0
206,6714.25,6965.83984375,6437.25,6917.02978515625,3604915900,6773.373209635417,3.020140524351193,3.0018858854954775,142.11614990234375,1.446054773947569,131.51543453169677,0.0,0.0
207,6911.1298828125,7436.2998046875,6891.7998046875,7408.8701171875,2473131400,7245.656575520833,7.202009552921952,7.110571261189672,254.715087890625,1.5602562071890087,150.70688363473886,0.0,0.0
208,7429.93017578125,7895.7099609375,7304.60986328125,7883.0400390625,3124501200,7694.453287760417,6.098440396630052,6.400030158107304,243.8037109375,1.5577801182838154,158.43536121069965,0.0,0.0
209,7891.2001953125,8131.72998046875,7499.43017578125,8007.31982421875,3540129600,7879.493326822917,1.471507831916708,1.5765464153475253,122.58233642578125,-1.5355922827713522,148.4865675713407,0.0,0.0
210,7969.27001953125,8151.56982421875,7372.89013671875,7584.14013671875,3167922700,7702.86669921875,-4.832687082613788,-5.284910516750696,-47.0887451171875,-1.5656259274178264,138.0260337116175,0.0,0.0
211,7472.35986328125,7659.72021484375,7190.35986328125,7638.169921875,3817033500,7496.083333333333,2.2189784971215207,0.7124048894437464,120.84881591796875,1.2285605099034462,118.66556968912703,0.0,0.0
212,7643.64013671875,7882.18017578125,7369.7001953125,7861.509765625,2802920700,7704.46337890625,2.850338647677057,2.9239967954938484,145.7611083984375,1.5000573500061818,130.41930388038088,0.0,0.0
213,7851.2900390625,8063.830078125,7763.64013671875,8019.22021484375,3008839200,7948.896809895833,2.138886411605577,2.006108927172614,100.49755859375,1.5217199924808549,75.86021601645054,0.0,0.0
214,8024.41015625,8038.41015625,7444.6201171875,7870.52001953125,3619977700,7784.516764322917,-1.917775060374862,-1.8542974420038087,16.51495361328125,-1.5613220724060903,132.23083480377255,0.0,0.0
215,7859.39013671875,8117.7900390625,7777.39990234375,8067.31982421875,2180809300,7987.503255208333,2.645621147225673,2.5004676209339083,120.52239990234375,1.5355250118351085,87.05327702662477,0.0,0.0
216,8045.97021484375,8100.64013671875,6384.39990234375,6851.75,4972420100,7112.263346354167,-14.842463779452872,-15.067827366525254,-233.30255126953125,-1.5689091452157335,287.13758678750906,0.0,0.0
217,6896.18994140625,7079.740234375,6655.64990234375,6748.1298828125,3512761300,6827.840006510417,-2.1469834771337237,-1.5123160825701465,-2.51123046875,-1.5592796879177109,80.78735176650078,0.0,0.0
218,6692.97998046875,6720.16015625,6167.81982421875,6534.97021484375,3649446800,6474.316731770833,-2.36082830198356,-3.1587961653148984,9.78887939453125,-1.5610535564408998,118.847242373897,0.0,0.0
219,6519.02001953125,6966.47021484375,6496.93994140625,6948.81982421875,3064248600,6804.07666015625,6.593012498808138,6.332846145724861,219.8662109375,1.5585998631717992,129.99573455972757,0.0,0.0
220,6982.06005859375,7231.85986328125,6905.85986328125,7096.7900390625,2702376200,7078.169921875,1.643211022333395,2.129429436751674,83.77374267578125,1.0681417095536099,77.82631226818577,0.0,0.0
221,7098.7001953125,7102.0498046875,6308.240234375,6418.31982421875,3108623000,6609.53662109375,-9.584576786931036,-9.560240772367239,-155.91644287109375,-1.5672689432029867,121.46032064298771,0.0,0.0
222,6394.080078125,6577.10009765625,5999.31982421875,6479.56005859375,3932192700,6351.993326822917,1.3368612751846571,0.9541474412651956,104.27752685546875,-1.5396867125685922,136.92714095301508,0.0,0.0
223,6461.009765625,6626.7001953125,6219.10009765625,6422.2998046875,2627630100,6422.700032552083,-0.5991317509447446,-0.8837058903452331,36.43377685546875,-1.55170483806301,83.93761504367775,0.0,0.0
224,6400.85009765625,6553.89990234375,5658.2001953125,5831.02001953125,4707886400,6014.373372395833,-8.902412483205165,-9.206667442162814,-101.72381591796875,-1.5669578539342035,149.74615969491734,0.0,0.0
225,5865.080078125,5876.93017578125,4014.60009765625,4987.97021484375,6538493900,4959.83349609375,-14.954780695196442,-14.458015953703962,-96.12493896484375,-1.5685709728002581,366.09818935506274,0.0,0.0
226,5053.93994140625,5302.56982421875,4034.9599609375,4669.43994140625,3294708800,4668.989908854167,-7.607925785778404,-6.3859698377825636,14.26373291015625,-1.5666660131372532,249.29278643903865,0.0,0.0
227,4653.1201171875,4850.39013671875,4304.02978515625,4810.2001953125,3033000800,4654.873372395833,3.375801057548121,3.014499718864755,127.2000732421875,-1.4384542765380341,136.07520111445126,0.0,0.0
228,4856.85009765625,5111.02001953125,4067.429931640625,4338.35009765625,3164270100,4505.600016276042,-10.675643463861698,-9.809365067925114,-63.988739013671875,-1.566948845438697,184.73438748454737,0.0,0.0
229,4309.169921875,4688.58984375,3764.68994140625,3843.739990234375,2815267300,4099.006591796875,-10.800918508177737,-11.40088043353355,-59.048736572265625,-1.5664863610656463,169.8527388659262,0.0,0.0
230,3817.510009765625,4272.1201171875,3588.889892578125,4084.760009765625,3475892900,3981.92333984375,7.000636522663833,6.270455861832465,185.62252807617188,1.4866215901391202,163.96228267605363,0.0,0.0
231,4074.7900390625,4837.22021484375,3997.4599609375,4769.4501953125,2921957400,4534.710123697917,17.047753371111675,16.76206641051015,365.46759033203125,1.5627593373865014,227.26496867968226,0.0,0.0
232,4769.4501953125,5060.759765625,4653.25,4940.81982421875,2488561700,4884.943196614583,3.5930688420790116,3.5930688420790116,115.20233154296875,1.4772606596736535,98.56531194589584,0.0,0.0
233,4992.10009765625,5177.58984375,4669.7998046875,4808.64013671875,2199589000,4885.34326171875,-3.675005655908882,-2.6752582001085305,-5.32373046875,-1.5613463300441728,95.03262771237499,0.0,0.0
234,4820.60986328125,5396.9501953125,4524.009765625,5332.14013671875,2149240400,5084.36669921875,10.611318649406657,10.886653713230833,300.94140625,1.5556837555174972,224.362809038053,0.0,0.0
235,5330.8701171875,5575.52978515625,5158.60009765625,5464.60986328125,1809455900,5399.579915364583,2.5087789263999065,2.4843631856235904,102.26861572265625,-1.0039565087107947,98.38036374801086,0.0,0.0
236,5479.35009765625,5760.830078125,5263.10986328125,5675.16015625,2479101700,5566.36669921875,3.5736000639474788,3.852979411824362,135.643798828125,1.4597842698937789,121.19952699054346,0.0,0.0
237,5681.8798828125,5888.2099609375,5394.7998046875,5414.9599609375,2844528700,5565.989908854167,-4.697739610483918,-4.584896076033097,-38.418701171875,-1.563069519968087,90.70332635060386,0.0,0.0
238,5410.60986328125,5843.27001953125,5312.64013671875,5625.9501953125,2328656800,5593.953450520833,3.9799641347760644,3.896432030837601,147.08135986328125,1.4843505190933781,129.17628325969633,0.0,0.0
239,5653.8798828125,6026.68994140625,5605.43017578125,5957.43017578125,1884540500,5863.183430989583,5.368884717404893,5.8919821356565985,166.48883056640625,1.5503656154271495,110.87577138160424,0.0,0.0
240,5975.52001953125,6094.259765625,5540.330078125,5608.7900390625,2636440200,5747.793294270833,-6.1372061221463055,-5.852190062354021,-68.28253173828125,-1.5647508884840649,91.91894010290852,0.0,0.0
241,5587.5,5743.89013671875,5433.02001953125,5598.4599609375,2609748500,5591.7900390625,0.19615142617449666,-0.18417658805296722,42.96875,-1.5348393444604935,66.735838552301,0.0,0.0
242,5652.85009765625,6203.5,5641.18017578125,6153.5498046875,2581775400,5999.409993489583,8.857473635093331,9.915045345024605,258.0523681640625,1.5601559321436471,154.80923071870154,0.0,0.0
243,6189.3798828125,6341.52001953125,6024.009765625,6135.7001953125,2739397000,6167.07666015625,-0.8672870063940485,-0.29007012117465863,19.55889892578125,-1.549902879673721,63.879345160183455,0.0,0.0
244,6122.759765625,6276.7998046875,5607.68017578125,5964.330078125,3888514100,5949.603352864583,-2.5875535471679214,-2.7930001749176383,24.22882080078125,-1.5620584121233694,134.60670427616006,0.0,0.0
245,5943.93994140625,6330.81005859375,5798.759765625,5965.52001953125,2633843500,6031.696614583333,0.363060164431851,0.019950964997968064,74.59881591796875,-1.5494005236553787,119.56787212511763,0.0,0.0
246,5885.60986328125,6253.64013671875,5809.3701171875,6147.97021484375,2218667900,6070.326822916667,4.457657875002831,3.058412254340843,153.91888427734375,1.541634007000488,112.89152567112014,0.0,0.0
247,6187.64013671875,6386.97021484375,5833.509765625,5925.22021484375,2097355400,6048.566731770833,-4.241033998046288,-3.6231470260247702,-29.22491455078125,-1.5633377873801113,100.30468759240367,0.0,0.0
248,5936.93994140625,6339.97021484375,5876.43017578125,6229.02001953125,2449547800,6148.473470052083,4.919707475696926,5.127232299762065,167.4725341796875,1.5465704027003189,119.25185809957058,0.0,0.0
249,6244.06005859375,6668.5400390625,6115.8701171875,6601.3701171875,2168915000,6461.9267578125,5.722399452291963,5.977667377673162,203.07501220703125,1.5515405413899397,142.83086514838212,0.0,0.0
250,6637.08984375,6907.60986328125,6586.009765625,6688.490234375,2331507300,6727.369954427083,0.7744416880751224,1.3197278086358435,59.47515869140625,-1.511129694452296,76.61103975505836,0.0,0.0
251,6748.35986328125,7087.83984375,6736.68994140625,6914.18994140625,1794678000,6912.906575520833,2.4573389902827225,3.374449227290235,106.08001708984375,1.5025685301938223,89.93972328326217,0.0,0.0
252,6973.39013671875,7180.14990234375,6835.740234375,7077.47998046875,2362794000,7031.123372395833,1.4926720247861867,2.3616655088490246,82.08489990234375,-1.269153271331292,80.61055006641844,0.0,0.0
253,7133.33984375,7441.81982421875,7093.91015625,7272.31982421875,2127554100,7269.349934895833,1.9483157050272841,2.7529550671663716,95.606201171875,1.4269331288651415,86.12177345743011,0.0,0.0
254,7309.7998046875,7356.330078125,6483.39013671875,7041.31005859375,3088455300,6960.343424479167,-3.673010934192447,-3.176562241606541,8.433837890625,-1.564838374588272,184.81948407546506,0.0,0.0
255,7086.56005859375,7514.68994140625,6994.56005859375,7514.4599609375,2418035400,7341.236653645833,6.038189175082812,6.719628853245596,225.47869873046875,1.5577006962127242,141.34008667341573,0.0,0.0
256,7570.85986328125,7600.41015625,7071.419921875,7293.68994140625,3554795600,7321.840006510417,-3.6610098044381596,-2.937935935235283,-37.81494140625,-1.5634462202758728,97.5008346527027,0.0,0.0
257,7310.56005859375,7378.35009765625,6991.6201171875,7376.240234375,3215360800,7248.73681640625,0.8984287832235408,1.131804253154666,72.9713134765625,-1.518127338699408,100.1165330062114,0.0,0.0
258,7374.490234375,7523.52978515625,6996.259765625,7158.77001953125,3297352900,7226.1865234375,-2.9252220558677386,-2.9482528759067264,-14.986328125,-1.5622817685107724,96.62061789313678,0.0,0.0
259,7254.5,7282.009765625,5345.35986328125,5784.85009765625,5640144700,6137.406575520833,-20.258458919894547,-19.19212264294758,-309.0374755859375,-1.5692204328940136,313.7422662610801,0.0,0.0
260,5793.10009765625,5794.5,4965.7998046875,5502.02001953125,4649823600,5420.773274739583,-5.024599492813254,-4.889151375583431,-5.5675048828125,-1.5649207481021563,176.7523530682185,0.0,0.0
261,5311.93017578125,6430.60009765625,5125.43994140625,6141.33984375,3736558800,5899.126627604167,15.61409206299977,11.619729153097802,474.17364501953125,1.5623439346322892,335.90765690962706,0.0,0.0
262,5934.5400390625,6193.33984375,5366.5,6088.83984375,4073300800,5882.893229166667,2.6000297187627583,-0.854862315646461,161.2174072265625,-1.5433262143781084,200.20763936598985,0.0,0.0
263,6080.47998046875,6170.0400390625,5637.52978515625,5898.35009765625,2996362500,5901.973307291667,-2.9953208200261097,-3.1285064311435558,-1.73492431640625,-1.561527891761819,103.68244839047618,0.0,0.0
264,5900.18017578125,6574.18994140625,5900.18017578125,6458.91015625,4514792100,6311.093424479167,9.46971048040525,9.503675592543964,293.77496337890625,1.5608184122672941,183.39527790982228,0.0,0.0
265,6482.9501953125,6971.02978515625,6482.56005859375,6856.080078125,3637922200,6769.889973958333,5.755556830936196,6.149178611668353,200.982421875,1.554947781861214,131.26014932357234,0.0,0.0
266,6831.97021484375,7194.330078125,6612.60986328125,6946.830078125,3738004200,6917.92333984375,1.6812114173404207,1.323642649530113,115.7874755859375,-1.5286522239831224,131.59854650705685,0.0,0.0
267,6973.990234375,7081.06005859375,6499.06982421875,6761.18994140625,3209274200,6780.43994140625,-3.051341998155535,-2.67229995020773,-7.05133056640625,-1.5626024157695049,111.14887478798785,0.0,0.0
268,6861.2998046875,6875.8701171875,6208.08984375,6264.3798828125,3345684700,6449.446614583333,-8.699808183096685,-7.347967782286845,-140.3724365234375,-1.5667288946219917,99.66750778172377,0.0,0.0
269,6259.759765625,6427.490234375,5914.43017578125,6416.27978515625,3392213200,6252.7333984375,2.500415757019429,2.42481945835558,122.8275146484375,-1.3448371091062559,131.02627891081227,0.0,0.0
270,6405.39013671875,6835.18994140625,6324.52978515625,6772.259765625,3146666300,6643.9931640625,5.727514188451666,5.5480744666448665,201.40863037109375,1.553847324444392,134.29890448895856,0.0,0.0
271,6775.990234375,7105.43017578125,6596.2099609375,6970.7900390625,2803906100,6890.81005859375,2.8748536811530374,2.9315218303528554,136.70245361328125,1.4385570731222994,122.00529002542872,0.0,0.0
272,6946.60986328125,7478.52978515625,6892.85986328125,7216.14990234375,3415170200,7195.846516927083,3.880166647723355,3.519828626401268,174.2862548828125,1.525973302186023,147.0465275157957,0.0,0.0
273,7227.81005859375,7447.81005859375,7120.68017578125,7260.6298828125,2733818100,7276.373372395833,0.4540770157584282,0.6163949068505803,53.19866943359375,-1.5270931095238325,72.82379767107666,0.0,0.0
274,7255.2998046875,7442.60009765625,6950.52978515625,7405.5,2861767400,7266.2099609375,2.0702134902193667,1.9952830474176804,117.8338623046875,-1.3341739377924047,122.54487154343266,0.0,0.0
275,7427.41015625,7682.89990234375,7417.2998046875,7612.39013671875,1904157500,7570.86328125,2.4905044501022133,2.7937362327830666,102.5675048828125,1.5362486437687013,70.07613543163176,0.0,0.0
276,7689.4599609375,7871.7900390625,7634.259765625,7776.0498046875,2744777800,7760.699869791667,1.1260848510802695,2.149911723248777,62.1624755859375,1.1482290958076746,56.87298161901324,0.0,0.0
277,7792.58984375,7860.56982421875,7537.2900390625,7741.7001953125,2807628200,7713.186686197917,-0.653051802518719,-0.44173597440558604,21.32635498046875,-1.549788751281233,68.46658047439401,0.0,0.0
278,7735.35009765625,8074.47021484375,7627.990234375,7795.31005859375,3177620300,7832.590169270833,0.7751421743104736,0.6924817795671044,78.29498291015625,-1.53330453965103,102.61327375150933,0.0,0.0
279,7795.31005859375,7965.89990234375,7418.35986328125,7913.7099609375,2702786300,7765.989908854167,1.5188607182240674,1.5188607182240674,112.84246826171875,-1.5188519207250277,134.69479614625251,0.0,0.0
280,7913.7099609375,8557.8603515625,7896.990234375,8348.83984375,2390645500,8267.896809895834,5.498431013523677,5.498431013523677,245.782470703125,1.555282138004444,173.6428200828137,0.0,0.0
281,8291.490234375,8395.5595703125,7655.830078125,7959.22021484375,2049615400,8003.53662109375,-4.0073618871758345,-4.666751742733717,-32.13507080078125,-1.5650378115567816,137.09677552017018,0.0,0.0
282,8000.02001953125,8415.330078125,7730.3701171875,8275.9697265625,2089886000,8140.556640625,3.4493627060625642,3.979655081386239,189.10113525390625,1.500925933656988,166.09701099214706,0.0,0.0
283,8320.3798828125,8457.0498046875,8094.22021484375,8103.14990234375,1848214900,8218.139973958334,-2.610818057928874,-2.088212377868766,-36.1075439453125,-1.5609397633178945,64.83362225379489,0.0,0.0
284,8224.33984375,8770.099609375,8095.91015625,8594.400390625,2075406100,8486.803385416666,4.499577521182124,6.062463291456091,223.04638671875,1.547864156730586,169.3494187463607,0.0,0.0
285,8618.58984375,9070.169921875,8489.6201171875,9033.919921875,1941610600,8864.569986979166,4.819002709894446,5.114022052421942,228.3175048828125,1.5557698166983978,153.22443127952164,0.0,0.0
286,9032.2900390625,9424.6201171875,8962.419921875,9405.2998046875,1682450100,9264.11328125,4.129736357134478,4.110949466280189,197.6536865234375,1.555572842559241,124.67968966707502,0.0,0.0
287,9412.9501953125,9594.349609375,8984.2802734375,9552.16015625,1439765800,9376.930013020834,1.4789195528392827,1.5614637982013755,128.46240234375,-1.5188786280175413,152.07634430215427,0.0,0.0
288,9598.25,9794.0498046875,9166.0498046875,9306.48046875,2128734500,9422.193359375,-3.0398200843903838,-2.571980405283,-30.91357421875,-1.5641444307379357,112.92755585514988,0.0,0.0
289,9318.76953125,9720.66015625,9071.25,9692.080078125,1693660100,9494.663411458334,4.006006861990984,4.14334517404077,221.167724609375,1.5495465112083469,167.76807067947297,0.0,0.0
290,9553.080078125,9634.8203125,8913.26953125,9555.91015625,2035729000,9368.0,0.029624771297378935,-1.4049607594796412,91.255126953125,-1.556773191535457,177.07380227116465,0.0,0.0
291,9601.9599609375,9721.5,9166.5302734375,9603.23046875,1603707000,9497.0869140625,0.013231754950746038,0.4951941963272892,69.84765625,-1.5526547063709775,128.04506188448306,0.0,0.0
292,9611.7900390625,9970.76953125,9407.08984375,9943.26953125,1770768200,9773.709635416666,3.448675957759803,3.540882035545493,194.7647705078125,1.5475856473986627,145.73230338790975,0.0,0.0
293,9986.8603515625,10050.98046875,9749.75,9833.0703125,1713984200,9877.93359375,-1.539923796355465,-1.108279509105759,-20.0174560546875,-1.5576840540374846,53.11286557934303,0.0,0.0
294,9853.740234375,10032.2802734375,9395.349609375,9407.48046875,1711876900,9611.703450520834,-4.528836309975095,-4.328148078113318,-87.7310791015625,-1.5657348983443449,106.84836727955759,0.0,0.0
295,9379.740234375,9600.849609375,8903.490234375,9470.169921875,1688402200,9324.836588541666,0.9640958623629261,0.6663787752017489,121.0810546875,-1.5473303303869528,163.71369148654418,0.0,0.0
296,9484.5302734375,9891.2001953125,9369.6201171875,9474.2998046875,1717977300,9578.373372395834,-0.10786479092856696,0.043609384483803686,61.361083984375,-1.5526912686572847,119.84346289457821,0.0,0.0
297,9454.0400390625,9520.9697265625,8354.9697265625,9326.8701171875,2631768000,9067.603190104166,-1.3451383889803228,-1.5561011424512632,98.061279296875,-1.5643344219757085,278.00499350879454,0.0,0.0
298,9305.73046875,9992.669921875,9148.7802734375,9980.849609375,1839387200,9707.433268229166,7.254875293155637,7.0117786992911,358.6558837890625,1.562332480861287,227.91229938878402,0.0,0.0
299,9915.740234375,10093.0302734375,9219.0498046875,9805.5498046875,1813077200,9705.876627604166,-1.1112678134255844,-1.756361547847,67.9261474609375,-1.5624946741599646,189.02588353073534,0.0,0.0
300,9869.1298828125,10810.5703125,9382.8203125,10694.3203125,2370763000,10295.903645833334,8.361329108907599,9.063953837526043,487.9151611328125,1.5612530043608202,365.9295290869894,0.0,0.0
301,10719.1796875,11401.66015625,10594.3203125,11401.66015625,1826408700,11132.546875,6.366909489779929,6.614163622191393,356.84765625,1.5627326459172297,220.4072318190462,0.0,0.0
302,11408.2802734375,12219.0498046875,11193.2998046875,11966.169921875,2177975700,11792.83984375,4.890216886908572,4.951119029061352,337.4273681640625,1.555363522807702,257.11303050967405,0.0,0.0
303,11902.919921875,12390.75,11331.3701171875,11454.3798828125,1808544900,11725.5,-3.768319387230188,-4.276974524044755,-35.780029296875,-1.56663834659922,201.4470566869015,0.0,0.0
304,11506.83984375,11920.3095703125,11167.5498046875,11413.8203125,1779420200,11500.559895833334,-0.8083846869609821,-0.35409660520654074,59.212646484375,-1.5611050019269184,155.37258037355693,0.0,0.0
305,11462.9697265625,11635.849609375,10797.849609375,10944.9697265625,2240692800,11126.222981770834,-4.518898787629767,-4.107744585956307,-89.5,-1.5666157491433497,141.19727029275876,0.0,0.0
306,11050.3203125,11802.3701171875,10652.7900390625,11308.990234375,1890992700,11254.716796875,2.340836415234004,3.3259160774931478,240.69873046875,-1.5440339954651805,262.5911823039032,0.0,0.0
307,11295.5,11669.8603515625,9338.2001953125,10315.6201171875,2283104900,10441.226888020834,-8.674958017020053,-8.78389755937745,-75.9974365234375,-1.5688992637602834,435.88897259321175,0.0,0.0
308,10073.740234375,10512.6103515625,9325.0498046875,9660.4404296875,2661931100,9832.7001953125,-4.102744314144429,-6.351335935765647,-6.5423583984375,-1.5666768176812538,223.2951631255139,0.0,0.0
309,9757.0400390625,10886.98046875,9396.33984375,10850.1396484375,2183994200,10377.819986979166,11.203188723206571,12.315165415170256,596.242431640625,1.5652056019739302,396.8241965621066,0.0,0.0
310,10749.98046875,11430.8701171875,10607.4599609375,11382.23046875,1732704700,11140.186848958334,5.881406034531313,4.903999741506783,340.02001953125,1.5614798826731986,219.8801166290413,0.0,0.0
311,11422.4697265625,11430.3798828125,10122.9501953125,10743.009765625,1837765100,10765.446614583334,-5.948450529550915,-5.615952909054032,-91.3687744140625,-1.5678075224372885,248.89330151317816,0.0,0.0
312,10485.8095703125,10485.91015625,9314.5703125,9798.1103515625,2229207300,9866.196940104166,-6.558379819303786,-8.795481291341153,-111.4697265625,-1.5677046089498055,213.97026701202074,0.0,0.0
313,9823.73046875,9827.099609375,8699.2900390625,9495.400390625,2532409900,9340.5966796875,-3.3422138277250357,-3.0894728685029254,17.8524169921875,-1.566063306039175,249.75809089803352,0.0,0.0
314,9482.66015625,10112.169921875,9471.08984375,9965.509765625,2101602800,9849.58984375,5.091921480036959,4.950916819307046,261.20361328125,1.5584125796788237,171.47178580773712,0.0,0.0
315,9833.259765625,10474.3798828125,9484.75,10038.9697265625,1850953700,9999.366536458334,2.091981355527885,0.7371420295115516,200.844970703125,-1.5439571355356811,224.89821107889887,0.0,0.0
316,10091.169921875,10365.240234375,9737.0,10262.740234375,1768835100,10121.66015625,1.7002023930652552,2.2290186533824974,142.868896484375,-1.4829400821131382,150.7484906860254,0.0,0.0
317,10242.7802734375,10340.83984375,9214.099609375,9680.08984375,2493207700,9745.009765625,-5.493532172575443,-5.677337410075092,-70.1663818359375,-1.5672437060079207,207.54929185044398,0.0,0.0
318,9742.83984375,10381.900390625,9304.009765625,10337.5,1865809900,10007.803385416666,6.103560828124179,6.791364200761631,357.73388671875,1.5566347699043774,277.79488866249403,0.0,0.0
319,10426.3603515625,10802.3203125,10092.5302734375,10592.6904296875,1624166000,10495.847005208334,1.5952841885047038,2.4685894044740024,151.0975341796875,-1.523393489795007,163.51403348544991,0.0,0.0
320,10622.330078125,10780.419921875,10189.9404296875,10511.01953125,2235033000,10493.793294270834,-1.0478919978604917,-0.7710118499130859,32.0684814453125,-1.5599790512373222,120.18428003985906,0.0,0.0
321,10492.9697265625,10827.7197265625,10349.0595703125,10665.009765625,1852130200,10613.9296875,1.6395743392548636,1.4650361358113377,124.3475341796875,1.309927850312335,113.74306829048993,0.0,0.0
322,10724.1396484375,10802.3896484375,10174.919921875,10640.2998046875,2186059500,10539.203125,-0.7817861991587867,-0.2316918735240551,46.9937744140625,-1.559420114271975,141.1417618390595,0.0,0.0
323,10593.0595703125,11481.66015625,10402.58984375,11481.0595703125,1937908900,11121.769856770834,8.382847222804806,7.90165485050158,467.8837890625,1.5644869823578802,293.23724807464356,0.0,0.0
324,11426.3798828125,11893.080078125,11414.8203125,11535.3095703125,1839093600,11614.4033203125,0.9533175740450521,0.472517363643671,100.631103515625,-1.5048726257277436,122.11362525662807,0.0,0.0
325,11646.419921875,12031.1103515625,11479.7802734375,11834.41015625,1635752400,11781.766927083334,1.614146112161949,2.5929133857601117,139.41259765625,0.9015057469516458,130.3343820649139,0.0,0.0
326,11915.0302734375,12313.2900390625,11850.26953125,12312.8701171875,2352684600,12158.809895833334,3.3389746783683396,4.042955708145836,207.0675048828125,1.5571079095684686,126.76188705302916,0.0,0.0
327,12368.8203125,12486.2900390625,11941.5703125,12438.009765625,1644675400,12288.623372395834,0.5593860317873383,1.0163320756776109,94.0360107421875,-1.5411447516228969,134.52670428503205,0.0,0.0
328,12478.4599609375,12841.66015625,12433.509765625,12615.0595703125,2005525000,12630.076497395834,1.0946832365741497,1.423457675494142,102.24365234375,0.16337450616753438,100.43514203734445,0.0,0.0
329,12623.6103515625,12951.5400390625,12319.0,12325.1201171875,2051075600,12531.88671875,-2.364539351755689,-2.2983597620682312,-32.8663330078125,-1.564251963616547,123.99643905829512,0.0,0.0
330,12396.33984375,12676.51953125,12097.3603515625,12118.25,1774219500,12297.376627604166,-2.2433222003848794,-1.6784430108637856,-31.8887939453125,-1.5637214505908,111.03983670320066,0.0,0.0
331,12147.8896484375,12336.0,11868.83984375,12055.83984375,1736744300,12086.893229166666,-0.7577431747524949,-0.5150096445443855,23.8763427734375,-1.5573437934809375,92.59089664729792,0.0,0.0
332,12101.150390625,12828.8603515625,12050.5302734375,12828.8603515625,1770810200,12569.4169921875,6.013560177727163,6.412000473059121,370.1824951171875,1.563677995012742,216.7134567543927,0.0,0.0
333,12866.26953125,13255.3798828125,12849.58984375,13229.5703125,1560162000,13111.513346354166,2.823668355210527,3.1235039587027327,186.9615478515625,1.5561798847476644,111.77963282655887,0.0,0.0
334,13342.4404296875,13525.5595703125,12847.8798828125,13023.98046875,2121108500,13132.473307291666,-2.386819432439908,-1.5540175447402689,-34.7125244140625,-1.5646729279950204,121.24412967365423,0.0,0.0
335,13044.150390625,13338.91015625,12810.1298828125,12917.6396484375,1619717800,13022.2265625,-0.9698657129744909,-0.8165001519132825,18.656005859375,-1.5597873447491248,107.38753813870684,0.0,0.0
336,12897.6904296875,13596.8896484375,12745.150390625,13189.48046875,2108953300,13177.173502604166,2.262343329243403,2.1044155721233597,215.888671875,1.1704720879291113,205.30763354842247,0.0,0.0
337,13235.150390625,13301.41015625,12003.3603515625,12435.849609375,2328410000,12580.206705729166,-6.0392270405644775,-5.713878277166314,-137.4815673828125,-1.5680906706617947,226.37036317461008,0.0,0.0
338,12386.400390625,12459.900390625,11726.6201171875,12096.73046875,2414481000,12094.4169921875,-2.3386126133484666,-2.7269479068752056,-16.9661865234375,-1.5645553405047485,142.97974269993065,0.0,0.0
339,11997.4697265625,12647.16015625,11792.349609375,12612.1103515625,1755404200,12350.5400390625,5.123085442251048,4.260489097809551,337.341552734375,1.560686585834702,226.39699673400384,0.0,0.0
340,12610.7802734375,13204.3095703125,12547.6103515625,12604.8896484375,2224918000,12785.603190104166,-0.046711027170996046,-0.05725214039302658,79.87841796875,-1.555968782689903,162.7256828855227,0.0,0.0
341,12678.0703125,13170.0498046875,12104.41015625,12306.0,2326984100,12526.819986979166,-2.9347550796682014,-2.3712198739839847,-6.3214111328125,-1.5662130936238143,204.95609942010663,0.0,0.0
342,12147.9404296875,12886.830078125,12132.7197265625,12805.5,1766679100,12608.349934895834,5.412930480837199,4.058995611896636,340.8486328125,1.5625901597370808,206.73187356183547,0.0,0.0
343,12826.7001953125,12833.1103515625,12120.650390625,12364.0595703125,1707359700,12439.2734375,-3.6068561512731967,-3.4472721072000314,-84.4327392578125,-1.5660353236898332,124.20938505624297,0.0,0.0
344,12338.3603515625,12458.2998046875,11865.4697265625,12246.73046875,1922506800,12190.166666666666,-0.7426422976931145,-0.9489528976730296,39.7425537109375,-1.5592723784292095,126.23275973890443,0.0,0.0
345,12265.8896484375,12373.2900390625,11051.0400390625,11447.509765625,1997993800,11623.946614583334,-6.671997761831731,-6.525992428463848,-141.6112060546875,-1.5681490021687403,227.26680135576296,0.0,0.0
346,11419.6103515625,11689.9599609375,11009.25,11257.240234375,1916112500,11318.816731770834,-1.4218533924433203,-1.6621041182366867,24.199951171875,-1.5622335748977334,132.96609501512987,0.0,0.0
347,11534.75,11566.9697265625,10279.2001953125,10558.9599609375,1758607300,10801.7099609375,-8.459568166301827,-6.202943695784675,-204.9500732421875,-1.5684239306056456,207.8959326004228,0.0,0.0
348,10477.76953125,11321.6201171875,10386.9697265625,11173.099609375,1869330700,10960.563151041666,6.6362413875508,5.816289205655557,377.580078125,1.5621110123726925,247.60480270430728,0.0,0.0
349,11198.4599609375,11556.8701171875,10863.5595703125,11515.6396484375,1606225800,11312.023111979166,2.8323509536703,3.0657566032534547,205.606201171875,1.5320902775573082,175.7463062840233,0.0,0.0
350,11584.240234375,11823.2900390625,11299.7998046875,11526.0400390625,1867513900,11549.7099609375,-0.5024083939471241,0.09031535322843466,43.6112060546875,-1.5564725227923857,106.95285209515058,0.0,0.0
351,11617.1796875,12376.0595703125,11612.7001953125,12344.080078125,547855600,12110.946614583334,6.257115842041588,7.097320816951087,368.007568359375,1.5637409827027167,213.37690378462742,0.0,0.0
352,12349.099609375,12435.669921875,11662.0703125,11726.83984375,0,11941.526692708334,-5.038907979595552,-5.000293504809761,-136.6474609375,-1.5670090096929026,120.15430323450613,0.0,0.0
353,11661.1201171875,12438.3701171875,11620.6396484375,12398.7998046875,0,12152.603190104166,6.325976236302743,5.730102652468912,378.84619140625,1.5636295761302128,225.62870472139974,0.0,0.0
354,12616.33984375,12656.0498046875,12115.2802734375,12189.0400390625,927318100,12320.123372395834,-3.3868761461683343,-1.6917747598900506,-92.6412353515625,-1.5653099219872342,84.67121565009289,0.0,0.0
355,12134.7099609375,12254.0302734375,11266.48046875,11939.2802734375,1995691100,11819.930338541666,-1.6105015128429288,-2.049051974762484,50.1575927734375,-1.5644425216890134,214.35021292778438,0.0,0.0
356,11939.990234375,12494.25,11869.2802734375,12428.080078125,1753331600,12263.8701171875,4.087857981196659,4.094047492753657,261.1549072265625,1.5588821969634472,167.0908053206403,0.0,0.0
357,12469.669921875,12986.490234375,11878.98046875,12866.7900390625,1931362200,12577.420247395834,3.1846882850591696,3.5299898148362057,287.3587646484375,1.452097205289907,273.35824633993894,0.0,0.0
358,12912.08984375,13374.26953125,12896.7197265625,13236.3798828125,1598514500,13169.123046875,2.5115224799916502,2.8724323831193024,181.302490234375,1.5506101130795318,125.73566358905043,0.0,0.0
359,13264.9296875,13425.849609375,12886.5498046875,13249.009765625,1372865900,13187.136393229166,-0.12001512446765467,0.09541795358185481,61.4425048828125,-1.5537639275662634,117.67391873554418,0.0,0.0
360,13233.7099609375,13640.0595703125,12948.169921875,12981.9697265625,1737147300,13190.06640625,-1.9022650119888698,-2.0155471524773443,-7.9163818359375,-1.5638861137496038,141.7865072467335,0.0,0.0
361,13033.169921875,13795.240234375,11724.1201171875,11890.349609375,2231747600,12469.9033203125,-8.768552235184774,-8.408740277324236,-169.6676025390625,-1.5689780084758065,370.712204435525,0.0,0.0
362,12030.26953125,12272.990234375,8255.650390625,9935.83984375,4826748300,10154.826822916666,-17.409665527937506,-16.437782149685134,-283.24365234375,-1.5698255125903064,739.8823471758396,0.0,0.0
363,9610.669921875,11235.5703125,9337.01953125,10861.6396484375,2507299800,10478.076497395834,13.016467496351611,9.31778107584797,706.4324951171875,1.5654036782795333,491.456197712249,0.0,0.0
364,10543.3603515625,11813.1396484375,10160.8896484375,11586.849609375,2221913600,11186.959635416666,9.897122198406674,6.676800045026582,597.8397216796875,1.5640315268868596,424.9990185290392,0.0,0.0
365,11586.849609375,12858.7900390625,11586.849609375,12847.6796875,602924700,12431.1064453125,10.881560740245162,10.881560740245162,631.8038330078125,1.5668131566160812,358.97775908491826,0.0,0.0
366,12565.16015625,12858.7900390625,12560.1904296875,12847.6796875,0,12755.553385416666,2.248435576919191,0.0,143.269775390625,1.5525820441377896,83.32534705649731,0.0,0.0
