,actual,actual_norm,bayes,bayes_ae,rf,rf_ae
0,3.7216005724278665,0.48796223913639086,0.3315203820433111,3.3900801903845554,1.834658589803136,1.8869419826247305
1,-0.4329722887148717,-0.21279204647511551,-0.1363535530953457,0.296618735619526,-0.24587644438036735,0.18709584433450435
2,2.314696418317204,0.2506588752554401,0.4794828591571068,1.8352135591600973,1.4370909601739945,0.8776054581432096
3,6.732991400388506,0.9958953284995571,0.365749224560079,6.3672421758284266,0.5547083478009428,6.178283052587563
4,-0.1892866557521607,-0.1716894452335518,0.1605306148952968,0.3498172706474575,-0.22304039413288634,0.03375373838072565
5,-2.9823961012976,-0.6428048834664929,0.22375589091141995,3.20615199220902,0.5344963987299631,3.5168925000275633
6,0.023358611107338483,-0.13582244108001051,0.013178434334066336,0.010180176773272147,0.6908969931809085,0.66753838207357
7,4.530459777358076,0.6243930042849543,0.022642131321661988,4.507817646036414,0.45095256898857156,4.079507208369504
8,7.180771032392018,1.0714225864448412,-0.05044430381148042,7.2312153362034985,0.78177252381027,6.398998508581748
9,5.9685070677204415,0.8669492995562479,0.08222427867744006,5.886282789043001,0.5195691884281926,5.448937879292249
10,-1.1206712818261084,-0.3287866463389545,-0.10707335056259211,1.0135979312635164,-0.3189540005694374,0.8017172812566711
11,8.10111879628368,1.226658193414713,0.4273931021641323,7.673725694119548,1.4650870687391317,6.636031727544548
12,-0.5840278698979139,-0.2382706815640758,-0.16458305667879192,0.41944481321912197,0.034246487848629985,0.6182743577465438
13,9.857672237048028,1.522937111287075,0.4682506371232941,9.389421599924734,1.5954124264074294,8.262259810640598
14,-2.779684223334288,-0.6086133499503191,-0.2583146660516597,2.5213695572826285,-0.02110129187317509,2.7585829314611128
15,-4.075531489640782,-0.827184682241856,-0.19818716782813864,3.877344321812643,0.17164176857731955,4.247173258218101
16,1.8847061087740025,0.17813215295336984,0.002339843333898115,1.8823662654401043,0.7538859321942315,1.130820176579771
17,5.116018300066217,0.7231595100073277,0.21264693064319,4.903371369423026,0.61768511949722,4.498333180568997
18,-5.1129593820088495,-1.002168264402424,-0.36181619241228574,4.751143189596564,-0.7098420539634421,4.403117328045408
19,-5.450237562317642,-1.0590571764985828,-0.09033664627371052,5.359900916043931,0.13163811240637846,5.58187567472402
20,6.499243754214422,0.9564689734246249,0.24507371070479497,6.254170043509627,1.4019473015818396,5.097296452632583
21,2.550896899392765,0.2904989514580445,-0.19116267325510033,2.7420595726478654,0.5647179069168322,1.9861789924759328
22,-9.27873493638057,-1.7048121149711424,-0.527196123377941,8.751538813002629,-1.409646417249715,7.869088519130854
23,2.960596706351253,0.359603262571606,0.11194584683687948,2.848650859514373,0.41862329516302527,2.5419734111882275
24,-0.20858024743990927,-0.17494370686571142,0.12336566814470631,0.3319459155846156,0.2484900296887561,0.4570702771286654
25,1.9554936564712373,0.1900719308979844,0.03670607127478885,1.9187875851964484,0.5223765344489597,1.4331171220222776
26,-3.465540719144643,-0.7242971746940738,-0.18085182174998365,3.284688897394659,-0.6858771503594873,2.7796635687851556
27,3.6067479234897735,0.46858997424967874,0.22747938054284916,3.3792685429469245,0.8961934001693931,2.7105545233203805
28,-8.730850524288144,-1.612400123985406,-0.4170389666692151,8.313811557618928,-1.055004978784805,7.675845545503339
29,5.393040801675982,0.7698850607924614,0.023337804399681753,5.3697029972763,0.540444078142082,4.8525967235339
30,4.063529918191504,0.5456356660875076,-0.03738600893463488,4.100915927126139,0.7222499758786692,3.341279942312835
31,-0.5195320061455148,-0.22739212570784798,-0.25408647507813525,0.2654455310673795,-0.276501414336786,0.24303059180872877
32,6.389057567466367,0.9378838035023308,0.632848211997563,5.756209355468805,1.4235322854235335,4.965525282042834
33,0.5273303900377452,-0.05081722015445949,0.10336106434373067,0.4239693256940145,0.04519330237045325,0.4821370876672919
34,-1.4752268667787225,-0.38858974859450135,0.12665654718844083,1.6018834139671634,-0.12485412657856428,1.3503727402001582
35,-1.6131601053280455,-0.4118550303147324,0.003823711982035214,1.6169838173100808,0.523276798170609,2.1364369034986543
36,4.11818211639719,0.5548538849973065,0.004049079195456568,4.114133037201733,1.656825462802211,2.4613566535949785
37,0.2545506711309484,-0.09682713824728181,-0.38055214966489886,0.6351028207958473,-0.04062388156445025,0.29517455269539866
38,8.949040506983637,1.3696776547396974,0.5317291734783437,8.417311333505294,0.8795343629474418,8.069506144036195
39,0.9005250361601704,0.012129743679898951,0.19715550424463107,0.7033695319155393,0.2563524258635779,0.6441726102965926
40,0.16780137174502327,-0.11145919438163061,0.30237649350015144,0.13457512175512817,0.1893356771565114,0.021534305411488125
41,0.13175266746682007,-0.11753955086062241,0.2530564179778746,0.12130375051105452,0.733522855041574,0.6017701875747539
42,1.2508947275424855,0.07122680876711605,0.17068089672455172,1.0802138308179339,1.3999933927251886,0.1490986651827031
43,1.8475987388084925,0.1718732307006619,0.2149067519659446,1.6326919868425478,0.25876175482878827,1.588836983979704
44,-3.071067334997258,-0.6577611134093235,-0.36390980259123434,2.7071575324060237,-0.5896165725747075,2.4814507624225506
45,1.7254661944360827,0.15127306150346964,0.07921323446199227,1.6462529599740905,0.8039960648581863,0.9214701295778964
46,4.774136037870506,0.6654940246697318,-0.08427408413682705,4.858410122007333,0.7595468061270697,4.014589231743437
47,0.5991328217347481,-0.03870626111951248,-0.219415273906152,0.8185480956409001,0.08905925407520549,0.5100735676595427
48,6.642217265606622,0.980584400975329,0.517294395620121,6.1249228699865,0.3903543187045194,6.2518629469021025
49,1.0962349414239572,0.04514025027924599,0.061722877710147755,1.0345120637138094,0.18060151207515157,0.9156334293488055
50,5.4731266625847566,0.7833931907794451,0.41064918182482035,5.062477480759936,0.2638959498284204,5.209230712756336
51,7.352276112868407,1.1003504507921087,0.24637157237545548,7.1059045404929515,0.5272790354037296,6.824997077464677
52,4.501325874695484,0.6194789715240064,0.016469147729753598,4.48485672696573,0.39521133906449196,4.106114535630992
53,0.8879553578643852,0.010009608535101733,-0.34550677944863323,1.2334621373130183,-0.07559008501682782,0.963545442881213
54,3.6252654640180015,0.4717133388693021,-0.2193218914168604,3.8445873554348617,0.045316509794247645,3.5799489542237537
55,5.730434616953867,0.8267934771079148,0.06659159439895834,5.663843022554909,0.31300733274120096,5.417427284212667
56,16.953777391035853,2.7198414054240945,0.9299170704479924,16.02386032058786,1.1761464421883112,15.777630948847541
57,-11.025485715995725,-1.9994376121332935,-0.9140371838127745,10.11144853218295,-0.35504851040333635,10.670437205592389
58,5.997772720308232,0.8718855546557603,-0.3732522428736157,6.371024963181847,0.16247759767860814,5.835295122629624
59,-9.656819107285457,-1.7685837978705967,-0.9026321921793276,8.75418691510613,-1.1366935285722934,8.520125578713165
60,5.818858690714031,0.8417080184361464,-0.019537375394461844,5.838396066108493,0.6466718275210364,5.172186863192995
61,6.349814746976577,0.9312646935343953,0.5632477238873241,5.786567023089253,0.8244709786045139,5.525343768372063
62,5.166062792858376,0.7316005444932927,0.29772563694398413,4.868337155914392,0.724733171683197,4.441329621175179
63,5.657363940806091,0.8144686025240567,0.5171363420768935,5.140227598729197,0.5463744036623281,5.110989537143762
64,8.593996166659299,1.3097921138237159,0.6522138553481269,7.941782311311171,0.8561457573258398,7.737850409333459
65,2.8246599729020554,0.33667473255893154,0.11490838094190545,2.70975159196015,0.3157769689767273,2.508883003925328
66,6.024544908025768,0.8764012355465027,0.012957157527890454,6.011587750497878,0.377823497375533,5.646721410650235
67,5.125793491376113,0.7248082973633395,0.1342381372271589,4.991555354148954,0.6072667503112054,4.518526741064908
68,0.33140065736838004,-0.08386480517358698,-0.3533468493129153,0.6847475066812954,0.01787788142734097,0.31352277594103906
69,-17.91291814027272,-3.1611449523300474,-1.9251803038101334,15.987737836462586,-0.3161846346218542,17.596733505650864
70,-7.90578901854275,-1.473236507082286,-1.6042405292598227,6.301548489282927,-0.5615604850817704,7.34422853346098
71,5.869676182852527,0.8502794351834952,0.5997536829593968,5.269922499893131,1.399218174268984,4.4704580085835435
72,7.144544874295678,1.0653122987243684,0.8718442174527837,6.272700656842894,0.8473763896497217,6.297168484645956
73,-0.3893706098050864,-0.2054377252543571,0.09433506107593803,0.48370567088102445,-0.042169418869220106,0.3472011909358663
74,3.469845042475926,0.44549848355028876,0.32488972638005786,3.144955316095868,1.4157901928614736,2.0540548496144524
75,-5.334258816423505,-1.0394949721657865,-0.3185665949187073,5.015692221504798,0.19433184484081073,5.528590661264316
76,-0.7889530443648558,-0.27283553312330366,-0.2579481393060366,0.5310049050588193,0.16257338985815725,0.9515264342230131
77,10.177645226003463,1.5769071464229543,0.9898567028558543,9.187788523147608,1.849401260362508,8.328243965640954
78,-5.444517630015391,-1.0580923921012027,-0.569575768843338,4.874941861172053,-0.023013082978679218,5.421504547036712
79,6.1147219509864295,0.8916114512366603,0.05362255201106919,6.06109939897536,1.501517857317228,4.613204093669202
80,-5.143606444507772,-1.0073375227366288,-0.5622240299709369,4.581382414536835,-0.38303593865378305,4.760570505853989
81,3.3105488470737314,0.41862989913966603,0.005477465838786968,3.3050713812349444,0.37108589061887143,2.93946295645486
82,-2.2945402845902514,-0.5267838320730421,-0.287398761726525,2.0071415228637264,-0.4015050082103679,1.8930352763798834
83,7.292858570500468,1.0903284584365855,0.4353747067347402,6.857483863765728,2.1308929843945466,5.1619655861059215
84,6.707933240479712,0.9916687537029376,0.7061743467499718,6.001758893729741,1.3156836153585139,5.392249625121199
85,18.013787060800375,2.8986338694640232,1.7790814916610243,16.23470556913935,1.8757993454521187,16.137987715348256
86,-1.7611033502450586,-0.43680870578700565,0.06894060576345301,1.8300439560085116,0.6384152045767751,2.399518554821834
87,11.834362681758074,1.8563466690813941,0.62264186576156,11.211720815996514,1.1314120283727425,10.702950653385333
88,-0.590743328548385,-0.2394033819851415,-0.2739348687016829,0.3168084598467021,0.1613471268266033,0.7520904553749883
89,-2.4305892659072468,-0.5497312950006128,-0.8645197822605939,1.5660694836466529,0.17599116635151227,2.606580432258759
90,-4.1135995980313815,-0.8336056528184795,-0.5401251189815415,3.57347447904984,0.47650359287514893,4.590103190906531
91,-2.974258485430961,-0.6414323069384599,-0.32960161561567464,2.6446568698152864,0.9768402344044393,3.9510987198354
92,4.2353039107886765,0.5746088880027825,0.7908015671106141,3.4445023436780624,2.4172458199184748,1.8180580908702018
93,0.3627084239051824,-0.07858410549473857,0.1618819937627314,0.20082643014245097,0.32425814891948596,0.03845027498569642
94,-5.796895520691455,-1.1175281813625986,-0.526061289885021,5.270834230806434,0.39180377241941966,6.188699293110875
95,4.108780359919698,0.5532680851174927,0.3991702733626265,3.7096100865570714,0.6748562996017967,3.433924060317901
96,-9.962781303957604,-1.8201906243047694,-0.9596216067575601,9.003159697200044,-1.3625823198134568,8.600198984144146
97,0.9616542835188634,0.0224404503384476,-0.3999624119522387,1.3616166954711022,0.5571811417487518,0.4044731417701116
98,5.619400012128081,0.8080652040017722,1.0858061175201859,4.533593894607895,1.8327224479295188,3.7866775641985626
99,-8.637053696248763,-1.596579356984275,-1.2189858724671603,7.418067823781604,-1.199355839825518,7.437697856423245
100,-6.093353748907938,-1.1675319677615579,-1.2655417469461516,4.827812001961786,0.09468926339441269,6.188043012302351
101,7.453915655435655,1.1174940531363462,0.7302337023925102,6.723681953043145,2.468549296009783,4.985366359425873
102,-2.2547654211519568,-0.520074982103245,-0.01229787114069494,2.242467550011262,0.0300733231507802,2.284838744302737
103,-1.0595644361966363,-0.31847971819345194,-0.10204065913875837,0.957523777057878,0.4855500412294139,1.5451144774260501
104,-3.254829595048568,-0.6887564035555149,-0.33094866450950006,2.923880930539068,0.06976943544098244,3.3245990304895505
105,-11.482651582005804,-2.0765480517739507,-1.4345971028244449,10.04805447918136,-0.13765852427440917,11.344993057731395
106,-16.962050834549604,-3.000761596013109,-2.125651576213247,14.836399258336357,-0.865180575510168,16.096870259039434
107,5.825702126386322,0.8428623048179106,0.21080568419837367,5.6148964421879475,1.0188797017972613,4.80682242458906
108,9.448738783720597,1.4539620614981321,1.3174914600848746,8.131247323635723,0.9136707902353901,8.535067993485207
109,3.4106814767613085,0.4355193295885569,0.4603957453052296,2.950285731456079,0.5257652937939162,2.8849161829673924
110,-1.0172328710995624,-0.3113396278279991,-0.6683253542347922,0.3489075168647702,-0.06770601223064468,0.9495268588689177
111,-1.341719257943183,-0.36607094048109257,-0.3697364820990738,0.9719827758441091,0.21684068326733172,1.5585599412105147
112,7.10863799312328,1.05925586363333,0.6534108358257289,6.455227157297552,1.842998691765748,5.265639301357533
113,-6.597567319392238,-1.2525779718129026,-0.603757152655306,5.993810166736932,-0.8466042476173922,5.750963071774845
114,-4.421573871084534,-0.8855518573774541,-0.8704342752219114,3.5511395958626224,0.3732180812906355,4.794791952375169
115,-9.043433654125034,-1.6651237071705156,-1.0409083476375107,8.002525306487524,0.1865640552333482,9.229997709358381
116,-15.571267863801868,-2.766177401757599,-1.5266215549101843,14.044646308891684,-0.14189094067030988,15.429376923131558
117,0.34593418626684364,-0.08141342617481892,-0.09262619507417716,0.4385603813410208,0.735164347272004,0.38923016100516034
118,-25.42217022104257,-4.427734985339894,-0.930966085921439,24.49120413512113,0.2560742453340457,25.678244466376615
119,13.86117392366584,2.198210131671333,0.310412291265911,13.55076163239993,1.2945787309460293,12.566595192719811
120,5.311701017045435,0.7561654307424795,0.7289991657535075,4.582701851291927,0.906505805605545,4.40519521143989
121,-12.880992697737234,-2.3124070828576055,-1.111392845453144,11.76959985228409,-1.5802791900904198,11.300713507646815
122,-5.005818599464628,-0.9840967646259143,-0.7008186201348823,4.304999979329746,0.8585750408592722,5.8643936403239
123,-7.306857541710825,-1.372214377201488,-0.5024774568581437,6.8043800848526805,0.7380886531916514,8.044946194902476
124,-4.8361802586996285,-0.9554837643805892,-0.3868660462830747,4.449314212416554,1.0122956921171316,5.84847595081676
125,21.37779240730318,3.4660426602520755,0.9352028209429376,20.442589586360242,1.7758789648403206,19.60191344246286
126,1.3813507647256618,0.09323090646751354,0.1779704450287362,1.2033803196969255,0.6593963797680321,0.7219543849576296
127,7.976053479982943,1.2055633518249098,0.49373099303996115,7.482322486942982,1.3543357824241316,6.621717697558811
128,8.299126952697407,1.2600563474080422,0.37897455546828085,7.920152397229126,0.7103586619733512,7.5887682907240555
129,-0.09404130887862652,-0.1556243556956046,-0.14535776688440288,0.05131645800577636,-0.03257802573432005,0.06146328314430647
130,-6.537374481883074,-1.2424252099629005,-0.3578552331270228,6.179519248756051,-0.010219923269081103,6.527154558613993
131,12.257811622103558,1.927770054734361,0.5418606309632554,11.715950991140303,2.4082568793632717,9.849554742740287
132,2.4606183599461366,0.2752716162949848,0.3031842484002602,2.1574341115458764,0.8144514127069514,1.6461669472391853
133,5.851919107165935,0.8472843386228625,0.19375460711615516,5.65816450004978,0.5568372922735217,5.295081814892414
134,2.3565300673376104,0.2577149818188845,0.20454128731699023,2.1519887800206203,0.1244657513169803,2.23206431602063
135,-0.9964072481599824,-0.3078269575696597,-0.33902317070160765,0.6573840774583748,-0.44588767844383587,0.5505195697161465
136,-4.01825622845209,-0.8175240297322128,-0.1258710565420228,3.8923851719100675,0.03064857993256029,4.04890480838465
137,3.3321236132610386,0.42226892783699,0.26664903891951225,3.0654745743415264,1.0496717492175573,2.282451864043481
138,-1.6009206404050131,-0.40979059245672184,-0.16877007969840735,1.4321505607066058,-0.11280151407429394,1.4881191263307192
139,3.3487972770675305,0.42508128466878975,0.3681148396713491,2.9806824373961813,1.7062573596015025,1.642539917466028
140,-3.8768897460250265,-0.7936796607167803,-0.18996966272626725,3.686920083298759,-0.7599531656392103,3.1169365803858162
141,-2.8339629336632486,-0.6177685724369029,-0.043332231057185755,2.790630702606063,0.13617661964123298,2.9701395533044814
142,2.8450189690290766,0.3401086965941258,0.42500017468365786,2.4200187943454186,1.1258703721266383,1.7191485969024383
143,1.7300752484208846,0.15205047339162614,0.03394964990517774,1.6961255985157069,0.5708795399546852,1.1591957084661995
144,4.1853418344801465,0.5661817547543307,0.7051119469114062,3.4802298875687403,0.6211434352382935,3.564198399241853
145,3.1526921503877854,0.3920041158371857,0.3830428044789343,2.769649345908851,0.4229253712846646,2.729766779103121
146,-0.028899373277108623,-0.14463682651475002,-0.0021639750034966286,0.026735398273611995,-0.13460104421349264,0.10570167093638402
147,2.247790980261152,0.2393738950624106,0.4122357844131388,1.8355551958480132,1.450289246717636,0.797501733543516
148,-0.039540712680099364,-0.1464317075868902,-0.17175633323063064,0.13221562055053127,-0.30679296286072794,0.2672522501806286
149,-3.7695756511612415,-0.7755789282478274,-0.17653047894532642,3.593045172215915,0.17314139762792527,3.942717048789167
150,6.590217292888488,0.9718135345224318,0.28674215847145323,6.3034751344170346,1.892791574516564,4.697425718371924
151,2.816864560493992,0.3353598756926213,0.1642715507734534,2.6525930097205386,0.8794216056720499,1.937442954821942
152,6.546051024087747,0.9643639835875913,0.32127414012591654,6.22477688396183,0.5551422994553123,5.990908724632435
153,-1.1625920105136598,-0.3358574406818605,0.04469321231253817,1.2072852228261979,-0.034720526651736736,1.127871483861923
154,4.439833164917721,0.6091069594421725,0.3483059794719453,4.091527185445776,1.3149969147643925,3.124836250153329
155,-2.2808793267377565,-0.5244796301536995,-0.3877160603643298,1.8931632663734268,-0.264277696824672,2.0166016299130844
156,5.3626766824488215,0.7647635266688791,0.3893522732450675,4.973324409203754,1.5631527737382291,3.7995239087105923
157,4.137171550842544,0.558056844245748,0.3928211145398035,3.744350436302741,0.6155144913974211,3.5216570594451233
158,4.916371406727774,0.6894849492782481,0.22774572565499882,4.688625681072775,0.5654872930699876,4.350884113657786
159,2.148165607475445,0.2225700239380935,0.04862098559053957,2.0995446218849056,0.28276005480894634,1.8654055526664988
160,3.002740455372194,0.3667116738873332,-0.1236218262941315,3.1263622816663252,0.1173843629099299,2.885356092462264
161,0.6668262079032781,-0.02728837724778653,-0.2304146638275427,0.8972408717308208,-0.019822351649411908,0.68664855955269
162,-5.275142577075305,-1.0295238007705418,-0.4883751824889691,4.786767394586335,0.024127955427604503,5.299270532502909
163,-0.16775056679501127,-0.1680569402477367,-0.2701336200493157,0.10238305325430441,0.4170831617834987,0.5848337285785099
164,-0.023575059889157698,-0.14373877139590943,0.14270775354814924,0.16628281343730694,1.1802211927955562,1.203796252684714
165,3.1256694889218783,0.387446187389722,0.4320207883698629,2.6936487005520156,2.4763572899760202,0.6493121989458581
166,2.4704928561125343,0.2769371534604479,0.21771986146575942,2.252772994646775,0.5258901135584251,1.9446027425541093
167,4.406650538982771,0.6035100261089673,0.3684578869332363,4.038192652049535,0.3530486097450516,4.05360192923772
168,0.6423757207478487,-0.03141245551819229,0.1132721635670755,0.5291035571807732,0.04552350063594231,0.5968522201119063
169,4.560490065141677,0.6294582308595862,0.6500353553681462,3.9104547097735303,1.3070787165471582,3.2534113485945184
170,2.9133283969229247,0.351630488591563,0.2146568796350664,2.6986715172878584,0.501708011591221,2.4116203853317035
171,-1.0851190120437164,-0.32279002376284327,-0.4794626684902368,0.6056563435534796,-0.18303229844660723,0.9020867135971091
172,3.0018858854954775,0.3665675330758759,0.26585757485700867,2.736028310638469,1.4701415150223414,1.5317443704731362
173,7.110571261189673,1.0595819491126415,0.6676199161315166,6.442951345058156,1.163380231977286,5.947191029212387
174,6.4000301581073025,0.9397345569185992,0.7870801958075293,5.612949962299773,0.9714377686438507,5.428592389463452
175,1.5765464153475253,0.12615467342929307,-0.005342681148018082,1.5818890964955434,0.2440017152650752,1.3325447000824502
176,-5.2849105167506965,-1.031171364989031,-0.9505498726007318,4.334360644149965,0.052935357230330736,5.337845873981027
177,0.7124048894437464,-0.01960059381263934,-0.3883036806963674,1.1007085701401138,0.6362558909151027,0.07614899852864365
178,2.9239967954938484,0.3534299337497182,0.30858610209180654,2.615410693402042,0.5163860613384649,2.4076107341553836
179,2.006108927172614,0.19860923883476722,0.27368892100838055,1.7324200061642334,0.741360492015328,1.264748435157286
180,-1.8542974420038087,-0.45252780889972694,-0.37110436760016924,1.4831930744036395,-0.4362558339780739,1.4180416080257348
181,2.5004676209339083,0.2819930149438826,0.392020185879879,2.108447435054029,1.4649112829298265,1.0355563380040818
182,-15.067827366525256,-2.6812617924258766,-2.1310011695223334,12.936826197002922,-2.039611990818538,13.028215375706719
183,-1.5123160825701465,-0.39484560877182445,-1.0999657807493788,0.4123503018207677,-0.3098304178253702,1.2024856647447764
184,-3.1587961653148984,-0.6725583876109034,0.1883503995394204,3.347146564854319,1.1523885285778126,4.311184693892711
185,6.3328461457248615,0.9284025894275723,0.7547292027704244,5.578116942954437,2.988721649699836,3.3441244960250254
186,2.129429436751674,0.21940978283282134,0.3252311860037221,1.804198250747952,0.4042470768957465,1.7251823598559275
187,-9.56024077236724,-1.7522938724430888,-1.7648847372548573,7.795356035112383,-1.8130607165580905,7.74718005580915
188,0.9541474412651956,0.02117426677241421,-0.670045712327094,1.6241931535922896,0.6201753790103807,0.3339720622548149
189,-0.8837058903452331,-0.2888175522414791,0.14627392021986774,1.0299798105651008,1.3302049050457865,2.2139107953910195
190,-9.206667442162814,-1.692656447682524,-1.0412196501217512,8.165447792041062,0.29155941815128533,9.4982268603141
191,-14.458015953703963,-2.5784045372442237,-1.9416360352468096,12.516379918457154,-0.5857064217172093,13.872309531986755
192,-6.385969837782563,-1.2168876982231893,-0.8732467863687636,5.512723051413799,-0.1667109691135725,6.21925886866899
193,3.014499718864755,0.3686951158832886,0.7447763974974018,2.269723321367353,1.5890806360513385,1.4254190828134166
194,-9.809365067925114,-1.794313816152563,-0.19077404605778162,9.618591021867333,0.25816237198273867,10.067527439907852
195,-11.400880433533551,-2.0627556633271764,-1.3545806898761723,10.046299743657379,0.19862926100132358,11.599509694534875
196,6.270455861832465,0.9178791829837893,-0.06224553531877269,6.332701397151237,1.2068977534190641,5.063558108413401
197,16.76206641051015,2.6875053998484892,1.0307006329205155,15.731365777589636,1.5409078341973326,15.221158576312819
198,3.593068842079012,0.46628271541893984,0.3463635142047234,3.2467053278742886,1.1953407480858131,2.397728093993199
199,-2.6752582001085305,-0.5909997502493167,-0.9246388811110647,1.7506193189974657,-0.396571803096161,2.2786863970123696
200,10.886653713230832,1.696496031385451,0.6209011062827572,10.265752606948075,1.206542876100179,9.680110837130652
201,2.4843631856235904,0.27927667022247743,0.1398148940511172,2.3445482915724734,0.6841388941055074,1.800224291518083
202,3.8529794118243617,0.510121986437209,0.19022760575977304,3.6627518060645885,0.2561885499252012,3.5967908618991604
203,-4.584896076033097,-0.9130995112226069,-0.8357370140932376,3.749159061939859,-0.557573198877025,4.027322877156072
204,3.896432030837601,0.5174511656361979,0.027539222899735764,3.868892807937865,0.7117530305953244,3.1846790002422765
205,5.8919821356565985,0.8540417935641356,0.562078233646303,5.329903902010296,0.8049419994394582,5.087040136217141
206,-5.852190062354021,-1.1268547447268789,-0.6472985253455092,5.204891537008511,-0.8009103228331587,5.051279739520862
207,-0.1841765880529672,-0.17082752706298207,-0.2668828806873592,0.08270629263439203,0.41030799261592005,0.5944845806688872
208,9.915045345024604,1.532614267672865,1.139334815589958,8.775710529434646,1.9906146739181874,7.924430671106416
209,-0.29007012117465863,-0.18868865253453265,0.19473480160704126,0.4848049227816999,0.6386489199318943,0.9287190411065529
210,-2.7930001749176383,-0.6108593594562064,-0.12700717379447743,2.665993001123161,0.15392849794323196,2.9469286728608703
211,0.019950964997968064,-0.13639721078433384,0.172666315210127,0.15271535021215896,0.23543038812392547,0.21547942312595741
212,3.058412254340844,0.37610186946672985,0.5635986265722999,2.4948136277685444,2.211965459944494,0.8464467943963503
213,-3.6231470260247702,-0.7508807245984734,-0.4051146398671924,3.218032386157578,-0.8466596377798112,2.776487388244959
214,5.127232299762065,0.7250509820330585,0.5475286040117422,4.579703695750323,1.866244591020048,3.260987708742017
215,5.977667377673162,0.8684943745065361,0.8231721803487583,5.154495197324404,1.1245400702885073,4.853127307384655
216,1.3197278086358435,0.08283692566244175,0.14637819278713612,1.1733496158487073,0.295534590443602,1.0241932181922415
217,3.3744492272902344,0.42940801443226984,0.5785748328641259,2.7958743944261086,1.011625248053822,2.3628239792364125
218,2.3616655088490246,0.2585811798055148,0.026308347590955992,2.335357161258069,0.3048325964164007,2.0568329124326237
219,2.752955067166372,0.32458022328612307,0.4240559344743383,2.3288991326920336,0.5156400292781711,2.2373150378882007
220,-3.176562241606541,-0.6755550023089653,-0.6304731201901727,2.5460891214163683,-0.5357236143696678,2.6408386272368736
221,6.719628853245598,0.9936414596928123,0.6082382164469492,6.111390636798649,1.8730056554711207,4.846623197774477
222,-2.9379359352352834,-0.6353057607050261,-0.1793462615358527,2.7585896736994306,-0.014640049682580383,2.923295885552703
223,1.131804253154666,0.05113974733095732,0.050204474902856774,1.0815997782518092,0.2139994148673865,0.9178048382872794
224,-2.9482528759067264,-0.6370459252493842,0.11935336732007848,3.067606243226805,0.19521074546680905,3.1434636213735354
225,-19.192122642947574,-3.376909139740731,-2.4463603891187966,16.745762253828776,-1.5623388853883002,17.629783757559274
226,-4.889151375583432,-0.9644184342998798,-1.2732924055220272,3.6158589700614048,-0.5264348302218479,4.362716545361584
227,11.619729153097804,1.820144303622521,1.8699287861051577,9.749800366992647,2.1477591166450773,9.471970036452728
228,-0.854862315646461,-0.28395248927157357,0.5608544312482766,1.4157167468947376,0.4895000703415525,1.3443623859880134
229,-3.128506431143556,-0.6674494000591089,-0.4592347722623059,2.66927165888125,0.39378373570642106,3.5222901668499773
230,9.503675592543964,1.463228285850786,0.6321089497761522,8.871566642767812,1.5734524382706871,7.930223154273277
231,6.149178611668353,0.8974232767714948,0.6990565592321355,5.4501220524362175,1.3125701166956274,4.836608494972726
232,1.323642649530113,0.08349724421403215,-0.1484321896508211,1.4720748391809342,0.19524536815718108,1.128397281372932
233,-2.67229995020773,-0.5905007804718736,-0.3916301610079433,2.280669789199787,0.16734717357512383,2.839647123782854
234,-7.347967782286844,-1.3791484660305962,-1.2359429981483407,6.112024784138503,0.11033818306577269,7.458305965352617
235,2.42481945835558,0.2692333941845012,-0.11980519631311655,2.5446246546686964,1.1636268052809784,1.2611926530746016
236,5.5480744666448665,0.7960346816493026,1.0705014914819124,4.477572975162954,1.5050091215181547,4.043065345126712
237,2.9315218303528554,0.35469918587335886,0.38169619508390956,2.5498256352689457,0.5306024346030381,2.4009193957498174
238,3.519828626401268,0.4539292445013126,0.36581356892165734,3.1540150574796106,0.48444427582101784,3.0353843505802502
239,0.6163949068505803,-0.03579465491405944,-0.05420113745255778,0.670596044303138,0.049577954802021006,0.5668169520485593
240,1.9952830474176804,0.19678323123125677,0.3664817524337518,1.6288012949839286,1.3303030028330032,0.6649800445846772
241,2.7937362327830666,0.3314588068453174,0.6229584213652537,2.170777811417813,0.7344739931019607,2.059262239681106
242,2.1499117232487768,0.22286454232836658,0.17514931898399852,1.9747624042647782,0.3881486259678134,1.7617630972809635
243,-0.4417359744055861,-0.21427022257426595,-0.1930360456113737,0.2486999287942124,-0.07604169150861985,0.36569428289696626
244,0.6924817795671044,-0.02296103665366961,0.17524269818918592,0.5172390813779185,1.2751599214922003,0.5826781419250958
245,1.5188607182240674,0.11642479244541938,0.4434521060680392,1.0754086121560282,1.5072107400868253,0.011649978137242112
246,5.4984310135236765,0.787661290764142,1.0830188906324694,4.415412122891207,1.398740865492908,4.099690148030769
247,-4.666751742733717,-0.9269061554094341,-0.7033165315252246,3.963435211208492,-0.618230237044521,4.048521505689196
248,3.979655081386239,0.5314884472732757,0.12353101280459533,3.8561240685816434,0.36507457984799835,3.6145805015382404
249,-2.088212377868766,-0.4919823808267248,-0.23991134778801676,1.8483010300807492,-0.07093993646401849,2.0172724414047476
250,6.062463291456091,0.8827969519246602,0.8592054091627388,5.203257882293353,2.1327745987118525,3.929688692744239
251,5.114022052421941,0.722822801725003,1.1480875423419787,3.965934510079962,1.3212846734755765,3.7927373789463643
252,4.110949466280189,0.5536339495827132,0.5293190770209657,3.5816303892592236,0.8155503533993038,3.2953991128808857
253,1.5614637982013757,0.12361067938787078,-0.036623951556931086,1.5980877497583068,0.323943897001628,1.2375199011997478
254,-2.571980405283,-0.5735798229183059,-0.5565210507111691,2.015459354571831,0.2600522536545089,2.832032658937509
255,4.14334517404077,0.5590981529574979,0.4030641323411852,3.740281041699585,1.9441583851941582,2.199186788846612
256,-1.4049607594796412,-0.37673792231324904,-0.14787283429107861,1.2570879251885625,0.009467184955313207,1.4144279444349543
257,0.4951941963272892,-0.056237651139427074,0.05311370798076798,0.44208048834652125,0.2569390740806785,0.23825512224661072
258,3.540882035545493,0.45748033559482404,0.9747416336986792,2.566140401846814,1.086883896114961,2.4539981394305324
259,-1.108279509105759,-0.32669651863381177,-0.15629631370043362,0.9519831954053253,-0.0044328887014275465,1.1038466204043313
260,-4.328148078113318,-0.8697936730828536,-0.7105217204010683,3.6176263577122496,0.3949243291272414,4.72307240724056
261,0.6663787752017489,-0.02736384598876151,-0.1110338702400045,0.7774126454417534,0.7652530810824997,0.09887430588075075
262,0.043609384483803686,-0.13240673104078352,0.23804753616072677,0.19443815167692308,2.3593210772745405,2.315711692790737
263,-1.5561011424512632,-0.40223086097053296,-0.17447212114604055,1.3816290213052227,0.46229493160165464,2.0183960740529177
264,7.011778699291098,1.042918548698014,1.2585325623887893,5.753246136902309,2.130086648199469,4.88169205109163
265,-1.756361547847,-0.43600890314470747,0.1314750871410213,1.8878366349880213,0.18920240944370798,1.945563957290708
266,9.063953837526043,1.3890601548288481,1.4805727161467248,7.583381121379318,1.8027341622039548,7.261219675322089
267,6.614163622191392,0.9758525761867677,1.5732502884725403,5.040913333718851,1.4900280937094381,5.124135528481954
268,4.951119029061352,0.6953458514886302,0.3985472136396879,4.552571815421664,1.1984436574746036,3.752675371586748
269,-4.276974524044755,-0.8611621991571192,-1.781528138590875,2.49544638545388,-0.5051205485911616,3.7718539754535936
270,-0.35409660520654074,-0.19948803783298596,-1.2093316102116545,0.8552350050051137,0.6968686819365891,1.0509652871431299
271,-4.107744585956307,-0.8326180844351471,-0.656559741753769,3.4511848442025377,0.7478690349294984,4.855613620885805
272,3.3259160774931478,0.4212218990718621,0.5948892373788515,2.7310268401142963,1.4798426164140472,1.8460734610791005
273,-8.783897559377449,-1.6213475990737571,-0.9446140902850562,7.8392834690923925,0.46674776694471243,9.25064532632216
274,-6.351335935765648,-1.211045977286533,-1.9213332064284727,4.4300027293371755,-0.8102191116847283,5.54111682408092
275,12.315165415170254,1.9374439532627667,2.4092346269004534,9.905930788269801,3.237978658234267,9.077186756935987
276,4.903999741506784,0.6873982131170305,2.1621060690700156,2.741893672436768,2.066175471422802,2.8378242700839817
277,-5.615952909054034,-1.0870084829982798,-1.5470917768223849,4.068861132231649,-0.9211425929533236,4.69481031610071
278,-8.795481291341153,-1.6233014340619123,-2.8005880381187995,5.994893253222353,-1.5878353564577394,7.207645934883413
279,-3.0894728685029254,-0.6608655857375606,-1.3819098725436605,1.7075629959592649,-0.16821614847164768,2.921256720031278
280,4.950916819307046,0.6953117446486111,1.2079274039145704,3.742989415392475,2.9927827312395463,1.9581340880674993
281,0.7371420295115516,-0.015428165624313225,0.4974465649026541,0.2396954646088975,0.5027203600879232,0.2344216694236284
282,2.2290186533824974,0.2362075554769017,0.32987230591597044,1.8991463474665269,1.86504870326723,0.36396995011526734
283,-5.677337410075093,-1.0973622434444978,-1.0415574173602318,4.635779992714861,0.3002843238195025,5.977621733894595
284,6.791364200761629,1.005741103598892,0.49355828021954146,6.297805920542088,2.4413304796317243,4.350033721129905
285,2.4685894044740024,0.2766160971358301,0.8304287334258945,1.6381606710481078,1.4442017090257073,1.024387695448295
286,-0.7710118499130859,-0.26980938114059194,-0.14536712877436295,0.6256447211387229,1.1743507888091496,1.9453626387222354
287,1.4650361358113375,0.1073461679856727,0.049620860845820375,1.4154152749655171,1.7219786587429091,0.2569425229315716
288,-0.2316918735240551,-0.17884195863965216,-0.4374476121387544,0.20575573861469929,-0.04660305015115536,0.18508882337289972
289,7.90165485050158,1.1930144905592184,1.5927844013358272,6.308870449165752,1.8805239059011236,6.021130944600456
290,0.472517363643671,-0.060062566050841024,0.4084480946496504,0.0640692689940206,0.8122894254239059,0.33977206178023495
291,2.5929133857601117,0.29758589730598833,0.08389243826684722,2.5090209474932643,0.7016383561552632,1.8912750296048486
292,4.042955708145836,0.5421654017921288,0.458939260607862,3.5840164475379743,0.8134864310048027,3.2294692771410336
293,1.0163320756776109,0.03166298619559431,-0.10976684603909383,1.1260989217167048,0.5408638359931003,0.4754682396845106
294,1.423457675494142,0.10033310425319826,0.3705997523384365,1.0528579231557054,0.8560783926186855,0.5673792828754565
295,-2.2983597620682312,-0.5274280656202556,-0.6218985028801466,1.6764612591880845,-1.1604965155072273,1.137863246561004
296,-1.6784430108637856,-0.4228663369785799,-0.5988793866791922,1.0795636241845934,0.5156961781307109,2.1941391889944963
297,-0.5150096445443855,-0.22662933627581847,-0.09432895198206034,0.4206806925623251,0.47894781446438595,0.9939574590087714
298,6.4120004730591225,0.9417535970902283,1.5332403628111146,4.878760110248008,2.0739158132003883,4.338084659858734
299,3.1235039587027327,0.3870809261143979,1.2548149684988485,1.8686889902038841,1.521489921135464,1.6020140375672687
300,-1.5540175447402689,-0.40187941930028914,-0.46104759607241935,1.0929699486678495,-0.17097930975081466,1.383038234989454
301,-0.8165001519132825,-0.27748192020470663,-0.33248783562248213,0.4840123162908004,0.22235985574026804,1.0388600076535506
302,2.10441557212336,0.21519067934761354,0.4695299288833738,1.6348856432399863,2.0222790756015243,0.08213649652183586
303,-5.713878277166313,-1.1035256133190823,-1.365038556091881,4.348839721074432,-1.5632845812807894,4.150593695885524
304,-2.7269479068752056,-0.5997182839588897,-1.207468209979311,1.5194796968958946,-0.11936902667948579,2.60757888019572
305,4.260489097809551,0.5788568885382578,1.0579303719123037,3.202558725897248,2.7597325311050653,1.500756566704486
306,-0.05725214039302658,-0.1494191046765439,0.2508690366701151,0.3081211770631417,0.407134875848214,0.46438701624124057
307,-2.3712198739839847,-0.5397174242093489,-0.5413562924387978,1.829863581545187,0.4173883740584662,2.788608248042451
308,4.058995611896637,0.5448708619368519,0.6438829472214687,3.415112664675168,2.726334680748058,1.3326609311485789
309,-3.4472721072000314,-0.72121579700731,-0.7308974875232636,2.7163746196767677,-0.4264616114458568,3.0208104957541746
310,-0.9489528976730296,-0.2998228039331543,-0.6863551222034487,0.26259777546958085,0.41129436511557005,1.3602472627885995
311,-6.525992428463848,-1.2405053922152856,-1.3836644489630234,5.142327979500824,-0.05904102030376138,6.466951408160087
312,-1.6621041182366867,-0.4201104462015347,-0.9566786526028938,0.7054254656337929,0.0844383367552783,1.746542454991965
313,-6.202943695784675,-1.1860165695486804,-0.8851528514492975,5.317790844335377,0.2583378338932333,6.461281529677908
314,5.816289205655558,0.84127462185683,0.9540635055935378,4.8622257000620195,1.6302511122583268,4.186038093397231
315,3.0657566032534547,0.37734064518388566,1.1913689826911755,1.8743876205622791,1.177044679217917,1.8887119240355377
316,0.09031535322843466,-0.12452880739969112,-0.3693193935537941,0.45963474678222876,0.26707571289145493,0.17676035966302028
317,7.097320816951088,1.0573469887697169,1.2339446571557984,5.86337615979529,1.9523279572240577,5.14499285972703
318,-5.000293504809761,-0.983164843610876,-1.112216713213866,3.8880767915958954,-0.17987677944767014,4.820416725362091
319,5.730102652468912,0.8267374844599873,0.29159651114504864,5.438506141323864,1.9930242227056514,3.737078429763261
320,-1.6917747598900506,-0.4251150110485979,-0.14860319610417802,1.5431715637858725,0.3324101507572659,2.0241849106473166
321,-2.049051974762484,-0.4853771722480857,-0.9356605430328144,1.1133914317296696,0.4743379357164193,2.5233899104789033
322,4.094047492753656,0.5507830836140868,0.8170454177210786,3.277002075032578,2.7169471377003296,1.3771003550533267
323,3.5299898148362057,0.45564313822292374,0.871263919568842,2.658725895267364,1.3780048877375006,2.151984927098705
324,2.8724323831193024,0.3447325335200919,0.6205822480109588,2.2518501351083433,0.9831478723784784,1.8892845107408238
325,0.0954179535818548,-0.1236681487507925,-0.24313339692899458,0.3385513505108494,0.1090126806980211,0.0135947271161663
326,-2.0155471524773443,-0.4797258938640773,-0.6902332378206351,1.3253139146567092,-0.05797094773639583,1.9575762047409484
327,-8.408740277324236,-1.5580695962648612,-2.1768755335760677,6.231864743748169,-1.2018068473622525,7.206933429961984
328,-16.437782149685134,-2.91233288384229,-4.277720818721826,12.160061330963309,-1.3242788909114882,15.113503258773646
329,9.31778107584797,1.431873346702946,1.156043248640629,8.161737827207341,0.14354670039874992,9.17423437544922
330,6.676800045026583,0.9864174990330268,3.3350737328255335,3.34172631220105,2.532565645795748,4.144234399230836
331,10.881560740245162,1.69563699659042,2.720719097259137,8.160841642986025,2.734161091466331,8.14739964877883
332,0.0,-0.13976235196531334,-0.3419716000367098,0.3419716000367098,1.2414049301390944,1.2414049301390944
